booking_id,customer_name,email,phone,hotel_name,category,country,check_in_date,check_out_date,nights,price_per_night,total_price,rating,status,payment_method,created_date,rejection_reason
BK001200,Charles Davis,charles.davis932@yahoo.com,00971562067569,Golden London Hotel,HOTEL,uae,2022-11-18,2022-12-16,19,7250.29,15506.68,7.6,Cancelled,debit_card,2023-04-23,rating out of range (7.6)
BK004761,Michael Davis,michael.davis388@gmail.com,00971875241677,Desert New York Resort,Apartment,Saudi Arabia,2022-12-19,2022-12-29,6,11889.2,9542.5,5.6,pending,CREDIT_CARD,2021-02-26,rating out of range (5.6)
BK007707,Christopher Wilson,christopher.wilson141@mail.com,842290074,Desert Barcelona Inn,Villa,Italy,28/11/2024,2024-12-26,12,10742.32,14885.36,9.6,CONFIRMED,credit_card,2022-05-24,rating out of range (9.6)
BK007511,Christopher Gonzalez,christopher.gonzalez592@gmail.com,(+68) 114-746879,Summit Mumbai Retreat,Resort,KSA,01-20-2023,2023-02-12,7,5642.46,8054.83,9.0,cancelled,paypal,2024-02-27,rating out of range (9.0)
BK005981,,user176@mail.com,00971298334353,Desert Riyadh Resort,Apartment,Italy,29/05/2024,2024-05-31,-8,151.97,861.92,3.9,refunded,PayPal,2024-11-07,missing customer_name; invalid nights (-8)
BK008354,Sandra Moore,sandra.moore417@outlook.com,(+31) 087-989333,Desert Riyadh Palace,Apartment,UK,2024-01-12,2024-01-29,-1,6527.59,2451.74,2.8,Pending,debit_card,10-11-2023,invalid nights (-1)
BK006690,Mark Anderson,mark.anderson032@yahoo.com,465356772,Oasis Munich Hotel,Luxury Hotel,Italy,02/07/2024,2024-07-22,-22,3834.94,16466.2,4.9,Confirmed,bank_transfer,2021-12-05,invalid nights (-22)
BK004757,,user605@mail.com,+971-90-1668837,Summit New York Suites,Hostel,United Arab Emirates,2024-08-14,2024-09-03,1,9019.13,24769.0,3.6,Pending,paypal,2024-06-19,missing customer_name
BK010375,,user508@gmail.com,(+7) 731-585513,Marina London Suites,Resort,Italy,2024-09-13,2024-10-09,9,13707.98,43774.64,2.1,cancelled,PayPal,2023-02-02,missing customer_name
BK007449,james wilson,,(+83) 851-641832,Coral Mumbai Villas,HOTEL,Japan,2024-08-12,2024-09-07,12,11622.3,28058.68,7.8,pending,PayPal,04/09/2024,rating out of range (7.8)
BK011375,,user583@mail.com,00971548705730,Palm Sydney Spa & Resort,Luxury Hotel,Singapore,2023-12-24,2024-01-23,23,4296.77,16083.0,1.6,CONFIRMED,paypal,2023-05-18,missing customer_name
BK011284,,user979@gmail.com,00971539981942,Coral Singapore Palace,Resort,USA,2024-04-16,2024-04-29,16,"10378,65",693.94,1.7,confirmed,Bank Transfer,2021-04-14,missing customer_name
BK007663,Linda Moore,linda.moore721@yahoo.com,00971698969539,Palm Riyadh Lodge,Luxury Hotel,Germany,2022-03-15,2022-03-23,21,302.7,10716.24,8.2,pending,crypto,2023-12-02,rating out of range (8.2)
BK008744,"TAYLOR, ROBERT",taylor.robert791 at outlook.com,(+7) 476-801368,Grand Tokyo Retreat,HOTEL,UAE,2022-06-06,2022-06-11,3,13518.13,827.45,9.8,confirmed,debit_card,2022-04-11,rating out of range (9.8)
BK002851,William Garcia,william.garcia139@yahoo.com,(+22) 033-086024,Sunset Mumbai Retreat,Resort,UAE,2022-09-06,2022-09-20,-14,$1954.88,13578.88,5.0,Confirmed,PayPal,2023-06-11,invalid nights (-14)
BK002233,,user072@mail.com,00971306160710,Grand Riyadh Suites,Resort,FRANCE,2023-07-19,2023-07-20,5,3564.31,61.62,3.2,confirmed,crypto,2024-05-24,missing customer_name
BK009870,Linda Anderson,linda.anderson347@mail.com,(+95) 458-028663,Sunset Singapore Hotel,Apartment,Germany,2022-11-23,2022-11-28,-7,2222.01,2694.5,2.9,Confirmed,CREDIT_CARD,2021-06-07,invalid nights (-7)
BK007615,David Williams,david.williams765@gmail.com,+971-75-1529983,Oasis Barcelona Inn,Villa,KSA,20/03/2023,2023-03-22,25,585.45,3993.08,8.2,Confirmed,credit_card,2021-11-07,rating out of range (8.2)
BK004788,,user951@mail.com,730533244,Marina Singapore Inn,Villa,United Kingdom,2023-10-19,2023-10-24,23,4005.42,6085.75,3.6,CANCELLED,PayPal,2021-12-22,missing customer_name
BK000560,Matthew Johnson,matthew.johnson516@hotmail.com,00971971728421,Coral Tokyo Retreat,Apartment,Thailand,2022-08-22,2022-08-31,-26,7704.38,9824.94,3.3,Cancelled,Bank Transfer,2024-07-27,invalid nights (-26)
BK008634,Anthony Williams,anthony.williams360@hotmail.com,(+33) 325-163582,Palm New York Resort,Apartment,uae,2022-10-08,2022-10-27,17,1476.25,13798.56,9.0,Pending,crypto,2023-12-07,rating out of range (9.0)
BK009063,,user437@mail.com,00971876294470,Grand Munich Lodge,Villa,Italy,2023-11-02,2023-11-26,4,$5176.41,38285.28,4.9,pending,bank_transfer,2021-11-01,missing customer_name
BK011489,"MARTINEZ, JOSEPH",martinez.joseph883@yahoo.com,(+5) 484-717479,Palm Dubai Retreat,Luxury Hotel,Germany,2022-07-14,2022-07-16,20,8120.2,3858.7,6.2,refunded,paypal,2021-04-10,rating out of range (6.2)
BK000304,Joseph Martin,joseph.martin684 at yahoo.com,00971922805471,Oasis Tokyo Villas,HOTEL,Spain,12/06/2024,2024-06-18,19,6136.77,558.72,9.8,cancelled,,2021-09-03,rating out of range (9.8)
BK001371,,user755@outlook.com,634179955,Coral London Retreat,Budget Hotel,Germany,2023-08-26,2023-09-17,14,3492.97,12298.66,,CANCELLED,paypal,24/01/2023,missing customer_name
BK006966,Thomas Johnson,thomas.johnson708@outlook.com,(+7) 677-370912,Oasis Singapore Retreat,Hostel,Australia,2024-03-25,2024-04-06,26,9185.56,18140.16,5.6,CANCELLED,paypal,2021-10-08,rating out of range (5.6)
BK003017,David Brown,david.brown971@hotmail.com,00971803179492,Royal Rome Lodge,Apartment,Germany,2023-11-21,2023-12-20,17,8635.16,31723.1,7.4,CONFIRMED,PayPal,2023-04-21,rating out of range (7.4)
BK001398,Ashley Miller,ashley.miller159@yahoo.com,,Marina Mumbai Residences,hotel,UK,13/02/2023,2023-02-27,15,$6358.78,22449.0,8.4,Confirmed,,2024-01-18,rating out of range (8.4)
BK003075,,user605@mail.com,381922205,Summit Paris Retreat,Luxury Hotel,Italy,2022-12-13,2023-01-04,18,12143.52,11647.02,3.7,Pending,paypal,2024-11-04,missing customer_name
BK000693,,user123@mail.com,00971052471555,Grand Tokyo Villas,Budget Hotel,Saudi Arabia,2022-08-12,2022-09-03,24,9084.25,40926.82,2.9,cancelled,bank_transfer,2021-04-10,missing customer_name
BK011182,,user884@mail.com,598501172,Marina Paris Hotel,Resort,Saudi Arabia,2022-10-28,2022-11-04,6,11773.13,3397.59,3.8,CANCELLED,Bank Transfer,2021-06-24,missing customer_name
BK009727,"DAVIS, PATRICIA",davis.patricia286@mail.com,+971-19-1126637,Desert Singapore Lodge,HOTEL,Germany,2024-07-16,2024-07-31,25,"13771,55",17867.55,9.8,CONFIRMED,bank_transfer,06/08/2023,rating out of range (9.8)
BK011200,Karen Williams,karen.williams942@gmail.com,,Palm Mumbai Retreat,Luxury Hotel,USA,2022-10-30,2022-11-08,24,14120.72,7334.64,9.0,Pending,paypal,2022-11-20,rating out of range (9.0)
BK010407,,user409@hotmail.com,00971618419678,Desert London Residences,Villa,Japan,2022-07-10,2022-08-02,4,14392.14,35243.59,4.2,Pending,credit_card,09/07/2022,missing customer_name
BK010089,,user122 at gmail.com,00971018762322,Golden Mumbai Retreat,Resort,US,2023-09-25,2023-10-15,8,219.06,34596.0,1.9,cancelled,credit_card,2021-08-07,missing customer_name
BK011200,Karen Williams,karen.williams942@gmail.com,,Palm Mumbai Retreat,Luxury Hotel,USA,2022-10-30,2022-11-08,24,14120.72,7334.64,9.0,Pending,paypal,2022-11-20,rating out of range (9.0)
BK002138,Richard Smith,richard.smith763@mail.com,+971-69-2328564,Royal Dubai Residences,Luxury Hotel,United Kingdom,08-23-2023,2023-09-15,4,309.57,7120.11,9.2,cancelled,bank_transfer,21/10/2024,rating out of range (9.2)
BK005340,James Smith,james.smith243 at yahoo.com,(+52) 605-874650,Silver London Residences,Luxury Hotel,USA,2024-11-13,2024-12-02,23,5503.08,25455.06,5.6,Confirmed,paypal,2023-06-18,rating out of range (5.6)
BK007212,John Rodriguez,john.rodriguez683@outlook.com,(+71) 646-625071,Silver Singapore Suites,Villa,KSA,2024-01-09,2024-02-04,-13,6047.12,49165.74,2.7,confirmed,bank_transfer,2022-10-02,invalid nights (-13)
BK001620,James Perez,,(+43) 959-740349,Sunset Singapore Hotel,HOTEL,Australia,2024-05-04,2024-05-08,-29,2480.08,,6.4,Pending,crypto,2021-09-29,invalid nights (-29); rating out of range (6.4)
BK008191,,user642@outlook.com,391537017,Marina Paris Spa & Resort,HOTEL,Thailand,2023-03-19,2023-03-25,5,$5279.25,3752.28,,cancelled,credit_card,2021-04-13,missing customer_name
BK005824,,user576@gmail.com,00971010182389,Coral Rome Palace,hotel,france,2023-04-17,2023-05-05,29,13825.0,27850.5,1.1,Confirmed,bank_transfer,2021-01-14,missing customer_name
BK006896,James Smith,james.smith824@outlook.com,+971-21-6813740,Desert Riyadh Palace,Boutique Hotel,Thailand,2022-12-29,2023-01-03,-24,4809.42,6752.7,4.5,confirmed,paypal,2023-09-16,invalid nights (-24)
BK001508,Ashley Anderson,ashley.anderson107@yahoo.com,(+99) 537-070127,Grand Riyadh Inn,Hotel,Japan,2022-09-02,2022-09-06,8,11005.26,5565.48,7.2,refunded,paypal,2024-01-29,rating out of range (7.2)
BK006833,David Johnson,david.johnson532@mail.com,+971-47-2202161,Golden Barcelona Spa & Resort,Boutique Hotel,Thailand,2024-10-13,2024-11-03,30,2767.76,39078.27,5.6,Confirmed,bank_transfer,06-22-2021,rating out of range (5.6)
BK002606,Mary Brown,mary.brown590@mail.com,00971897048369,Silver Paris Residences,Apartment,United States,2024-07-05,2024-07-28,11,5228.18,,6.4,refunded,crypto,2022-06-22,rating out of range (6.4)
BK006400,John Brown,john.brown308@gmail.com,(+61) 180-202951,Palm Rome Inn,Budget Hotel,UAE,2022-10-25,2022-10-28,-16,14806.28,2427.18,7.4,CANCELLED,Bank Transfer,2021-01-11,invalid nights (-16); rating out of range (7.4)
BK008652,linda lee,linda.lee365@mail.com,836153426,Grand New York Lodge,Boutique Hotel,Germany,2023-08-24,2023-09-03,-25,856.21,7931.4,1.5,confirmed,credit_card,2024-09-17,invalid nights (-25)
BK004130,robert thomas,robert.thomas115@mail.com,(+90) 006-503866,Marina Riyadh Residences,Hostel,Italy,2022-12-11,2022-12-15,-7,401.87,1607.48,1.7,CONFIRMED,credit_card,2024-05-13,invalid nights (-7)
BK009319,Sandra Smith,sandra.smith228@yahoo.com,(+36) 988-741835,Grand Munich Suites,Boutique Hotel,KSA,2024-12-22,2024-12-23,26,9244.56,1845.68,6.6,Confirmed,,2022-06-22,rating out of range (6.6)
BK011197,,user067@yahoo.com,434958626,Azure Dubai Retreat,Boutique Hotel,Thailand,2022-03-03,2022-03-26,15,8847.9,6611.12,8.8,CANCELLED,PayPal,2023-10-16,missing customer_name; rating out of range (8.8)
BK004860,,,+971-20-3233428,Desert London Hotel,Apartment,FRANCE,2022-08-25,2022-09-17,4,$9959.61,,1.6,CANCELLED,debit_card,2023-02-21,missing customer_name
BK002614,James Lopez,james.lopez591@hotmail.com,+971-36-7162403,Coral Riyadh Lodge,Apartment,uae,2023-07-19,2023-08-08,-30,5533.59,37301.4,1.5,Confirmed,,2024-03-18,invalid nights (-30)
BK010892,Lisa Thompson,lisa.thompson962@hotmail.com,00971193472427,Azure Singapore Suites,Hostel,United Kingdom,2023-09-20,2023-10-11,-16,12418.04,31598.07,4.7,refunded,,2022-12-31,invalid nights (-16)
BK006682,Anthony Martin,anthony.martin538@outlook.com,+971-02-1361668,Golden Dubai Palace,Resort,FRANCE,2022-05-15,2022-05-29,-17,1832.66,5924.52,1.5,refunded,Credit Card,2023-08-09,invalid nights (-17)
BK006723,,,599406454,Golden Munich Palace,Resort,Spain,2023-06-25,2023-07-07,-5,$5123.53,22168.44,4.8,cancelled,paypal,2021-07-18,missing customer_name; invalid nights (-5)
BK000741,,user158@outlook.com,00971952422085,Coral Riyadh Hotel,Hostel,United States,2023-11-11,2023-11-23,-8,9691.62,22090.32,3.6,pending,PayPal,2022-04-21,missing customer_name; invalid nights (-8)
BK001513,"MARTINEZ, MATTHEW",martinez.matthew814@gmail.com,00971989385074,Golden Singapore Villas,Villa,UK,2023-11-04,2023-11-21,14,10869.19,12094.65,5.2,cancelled,bank_transfer,2024-12-15,rating out of range (5.2)
BK009446,,user958 at hotmail.com,338841948,Oasis Riyadh Villas,HOTEL,KSA,2022-11-17,2022-12-09,24,4802.82,18289.48,1.4,pending,crypto,2021-12-03,missing customer_name
BK003081,Sandra Williams,sandra.williams106@yahoo.com,(+20) 728-926048,Sunset Riyadh Resort,Hotel,Australia,2023-03-25,2023-04-22,-5,$1807.38,54271.56,4.8,Pending,CREDIT_CARD,2022-12-28,invalid nights (-5)
BK004422,Karen Rodriguez,karen.rodriguez114@hotmail.com,00971492050324,Azure Riyadh Retreat,Resort,United Arab Emirates,03-12-2023,2023-03-28,24,14695.39,3424.8,5.8,refunded,bank_transfer,2023-06-29,rating out of range (5.8)
BK008701,John Lopez,john.lopez694@outlook.com,+971-70-5545793,Royal New York Inn,Resort,Saudi Arabia,2024-07-05,2024-07-29,-29,8596.19,4990.08,1.7,CANCELLED,CREDIT_CARD,2021-11-17,invalid nights (-29)
BK007694,Richard Miller,richard.miller702@mail.com,00971634738668,Oasis Tokyo Residences,hotel,Saudi Arabia,2022-03-23,2022-04-10,3,5171.02,31141.08,9.4,refunded,crypto,2021-01-15,rating out of range (9.4)
BK007616,joseph thomas,joseph.thomas320@hotmail.com,,Marina London Suites,Hostel,United Arab Emirates,02-02-2023,2023-02-22,-29,2466.12,4753.4,3.9,confirmed,credit_card,2021-11-05,invalid nights (-29)
BK007076,Nancy White,nancy.white201 at gmail.com,+971-66-0951045,Summit Dubai Villas,Hotel,Singapore,2023-04-16,2023-05-07,8,6073.02,34177.29,9.2,refunded,debit_card,2023-08-07,rating out of range (9.2)
BK011109,Patricia Davis,patricia.davis889@yahoo.com,,Grand Paris Palace,Boutique Hotel,Japan,2024-09-18,2024-09-19,-11,10189.37,664.7,4.4,Pending,paypal,2022-07-22,invalid nights (-11)
BK004143,,user845@yahoo.com,+971-07-5478060,Summit Munich Lodge,Luxury Hotel,India,20/01/2022,2022-02-04,1,4659.08,4032.9,1.6,CONFIRMED,Bank Transfer,2022-03-11,missing customer_name
BK007506,,user824@yahoo.com,,Grand Mumbai Inn,Resort,uae,2023-12-08,2023-12-12,4,14495.55,,3.9,confirmed,PayPal,2024-12-31,missing customer_name
BK007772,John White,john.white358@mail.com,00971347954510,Marina Mumbai Palace,Boutique Hotel,USA,2022-10-25,2022-11-18,-24,$209.81,2957.76,3.4,CANCELLED,CREDIT_CARD,18/01/2023,invalid nights (-24)
BK002440,,,402320928,Golden Riyadh Spa & Resort,Hotel,Thailand,2022-06-29,2022-07-05,19,5458.99,3475.44,2.8,cancelled,Credit Card,2021-11-13,missing customer_name
BK006400,JOHN BROWN,john.brown308@gmail.com,(+61) 180-202951,Palm Rome Inn,Budget Hotel,UAE,2022-10-25,2022-10-28,-16,14806.28,2427.18,7.4,CANCELLED,Bank Transfer,2021-01-11,invalid nights (-16); rating out of range (7.4)
BK005892,Robert Moore,robert.moore642@hotmail.com,730959444,Palm Dubai Suites,Boutique Hotel,uae,10/09/2024,2024-09-22,-3,9840.78,1348.68,1.7,CONFIRMED,credit_card,2022-01-07,invalid nights (-3)
BK006725,"PEREZ, CHRISTOPHER",perez.christopher069@mail.com,(+47) 262-165962,Palm Barcelona Lodge,Budget Hotel,United States,2024-03-25,2024-04-02,27,11191.73,14459.92,5.2,cancelled,PayPal,2023-10-09,rating out of range (5.2)
BK008512,Jennifer Garcia,jennifer.garcia326@yahoo.com,+971-19-5794473,Marina Paris Hotel,Resort,UK,2024-07-31,2024-08-07,-26,10464.24,11774.28,1.9,Cancelled,paypal,2022-06-25,invalid nights (-26)
BK007279,David Smith,david.smith397@outlook.com,852487813,Oasis London Resort,Hostel,Spain,2022-06-22,2022-06-30,9,8619.62,4400.88,9.6,Cancelled,PayPal,2021-05-16,rating out of range (9.6)
BK007133,,user913@gmail.com,(+28) 559-508241,Oasis Paris Inn,Resort,Saudi Arabia,2024-03-30,2024-04-10,6,8583.98,11170.17,,Pending,debit_card,2021-04-23,missing customer_name
BK003200,JOHN THOMAS,john.thomas629@yahoo.com,+971-19-1731867,Oasis Munich Inn,Budget Hotel,KSA,2022-04-09,2022-05-09,22,$3234.36,10115.4,5.8,Confirmed,Bank Transfer,2021-01-31,rating out of range (5.8)
BK007000,CHARLES GARCIA,charles.garcia825@mail.com,00971628789313,Sunset London Spa & Resort,HOTEL,Singapore,2022-12-18,2022-12-30,1,$14824.67,19639.2,5.2,CANCELLED,CREDIT_CARD,2023-02-05,rating out of range (5.2)
BK005257,Karen Rodriguez,karen.rodriguez557@gmail.com,(+58) 800-076920,Palm Barcelona Resort,Apartment,Australia,2022-05-13,2022-06-11,17,362.53,10513.37,9.0,Confirmed,crypto,2024-02-09,rating out of range (9.0)
BK009635,,user039@gmail.com,,Marina Paris Palace,Hotel,Thailand,2024-04-15,2024-04-20,17,13834.99,1847.4,2.8,cancelled,paypal,2022-06-06,missing customer_name
BK002125,Mark Jackson,mark.jackson738 at yahoo.com,00971973748439,Oasis Sydney Resort,HOTEL,Italy,2022-01-31,2022-02-24,4,9232.09,36959.04,7.6,Cancelled,paypal,2021-09-03,rating out of range (7.6)
BK001000,PATRICIA LOPEZ,patricia.lopez288@gmail.com,(+37) 028-809537,Grand Munich Lodge,HOTEL,uae,2024-04-16,2024-05-02,20,13621.39,31481.92,7.0,Confirmed,bank_transfer,2024-01-01,rating out of range (7.0)
BK009564,linda brown,linda.brown615@yahoo.com,00971362521477,Sunset Paris Spa & Resort,Budget Hotel,KSA,2024-04-10,2024-05-05,29,5137.05,1958.75,7.0,Pending,bank_transfer,2022-11-01,rating out of range (7.0)
BK004453,Michael Smith,michael.smith988@hotmail.com,,Royal Riyadh Hotel,Budget Hotel,United States,08/01/2024,2024-01-18,1,2238.61,15659.5,10.0,refunded,,2022-01-28,rating out of range (10.0)
BK010758,"WILSON, RICHARD",wilson.richard167@yahoo.com,361300542,Silver Riyadh Villas,Apartment,Thailand,2024-09-14,2024-10-02,6,$2581.49,29440.44,6.8,refunded,,18/05/2022,rating out of range (6.8)
BK006970,Mark Lee,mark.lee861 at mail.com,(+77) 225-079264,Oasis Rome Villas,Hostel,United Arab Emirates,12/11/2024,2024-12-12,24,1089.41,25772.7,8.4,CANCELLED,,2023-09-30,rating out of range (8.4)
BK001686,,user626@yahoo.com,434163160,Azure Riyadh Hotel,hotel,US,2023-04-25,2023-04-30,25,6122.26,9217.2,3.0,confirmed,crypto,2024-07-07,missing customer_name
BK000147,"LOPEZ, RICHARD",lopez.richard749@outlook.com,+971-94-8150248,Silver Paris Retreat,Hotel,United Kingdom,2023-12-08,2023-12-23,9,10668.19,26323.35,6.4,Pending,,2022-09-15,rating out of range (6.4)
BK001010,"DAVIS, DANIEL",davis.daniel321@yahoo.com,+971-54-7378435,Coral Barcelona Lodge,Hostel,UAE,2022-11-23,2022-12-05,1,5193.84,15087.36,6.6,cancelled,debit_card,2021-07-18,rating out of range (6.6)
BK008383,Matthew Miller,matthew.miller763@mail.com,637857371,Azure London Villas,Resort,UK,2024-03-30,2024-04-23,-23,4032.33,27806.88,1.7,CONFIRMED,bank_transfer,2023-06-12,invalid nights (-23)
BK011741,margaret garcia,margaret.garcia227@mail.com,(+77) 881-934502,Coral Riyadh Inn,Apartment,France,2024-10-22,2024-10-23,-30,12310.87,1113.92,4.6,CANCELLED,Credit Card,26/12/2024,invalid nights (-30)
BK008548,Patricia Jones,patricia.jones336@mail.com,00971220410580,Sunset Riyadh Suites,Hostel,Thailand,2024-03-12,2024-04-02,-1,4217.55,12112.38,1.5,Cancelled,credit_card,2021-07-13,invalid nights (-1)
BK002806,,user982@outlook.com,00971013854047,Coral Barcelona Lodge,Luxury Hotel,uae,2023-11-14,2023-12-05,17,4612.31,25424.28,1.1,refunded,credit_card,2024-04-08,missing customer_name
BK003930,Matthew Jackson,matthew.jackson135@mail.com,00971984738553,Palm Barcelona Resort,Luxury Hotel,United Kingdom,2024-11-03,2024-11-27,-5,2700.65,40287.6,,CANCELLED,CREDIT_CARD,2021-10-27,invalid nights (-5)
BK000950,,user939@mail.com,+971-27-6705162,Azure Tokyo Residences,Luxury Hotel,Germany,2024-09-26,2024-09-27,18,7755.91,80.25,4.1,pending,debit_card,2021-03-10,missing customer_name
BK006051,Christopher Smith,christopher.smith086@gmail.com,365170239,Royal Rome Lodge,Apartment,UAE,2024-05-12,2024-05-31,-3,2882.63,16394.91,4.3,Pending,bank_transfer,2024-09-21,invalid nights (-3)
BK011823,,user488@mail.com,(+51) 084-294941,Coral Paris Residences,Hotel,United Arab Emirates,09/02/2022,2022-02-18,24,6530.8,584.64,4.9,Cancelled,crypto,2021-03-31,missing customer_name
BK002688,,user799@gmail.com,+971-43-6556146,Coral New York Villas,Budget Hotel,Australia,2024-03-22,2024-04-04,30,4718.4,11317.28,1.3,refunded,CREDIT_CARD,2023-02-23,missing customer_name
BK002203,,user234@outlook.com,450258027,Desert Tokyo Retreat,Boutique Hotel,UK,2024-05-26,2024-05-30,30,13340.06,5625.72,4.6,refunded,credit_card,11/06/2022,missing customer_name
BK009112,daniel anderson,daniel.anderson455@yahoo.com,672723947,Golden Dubai Hotel,hotel,FRANCE,2022-05-13,2022-05-16,3,14514.81,3384.54,5.4,confirmed,Bank Transfer,2023-12-22,rating out of range (5.4)
BK011486,Patricia Moore,patricia.moore513@outlook.com,00971018918244,Azure Barcelona Retreat,Budget Hotel,UAE,2023-10-11,2023-10-27,-11,2246.81,1435.68,8.2,Confirmed,Bank Transfer,2022-09-05,invalid nights (-11); rating out of range (8.2)
BK011929,,user919 at mail.com,(+15) 432-971015,Coral Rome Spa & Resort,Luxury Hotel,Saudi Arabia,2024-09-24,2024-10-19,15,529.4,31140.5,4.5,pending,debit_card,2023-07-23,missing customer_name
BK005336,,user647@gmail.com,+971-23-2780771,Oasis Riyadh Resort,Apartment,FRANCE,2022-07-28,2022-08-14,28,"9668,15",30354.01,4.5,refunded,Credit Card,2023-12-08,missing customer_name
BK004181,Daniel Gonzalez,daniel.gonzalez054 at mail.com,00971145419483,Grand New York Retreat,Villa,France,2024-05-26,2024-05-31,18,3642.53,5375.35,6.0,Confirmed,bank_transfer,2021-01-14,rating out of range (6.0)
BK005183,Lisa Gonzalez,lisa.gonzalez559@mail.com,00971517024885,Marina Singapore Resort,Apartment,Australia,2023-06-24,2023-07-12,15,8027.2,29148.48,10.0,Confirmed,credit_card,2022-09-22,rating out of range (10.0)
BK002744,,user279 at hotmail.com,(+61) 771-315411,Golden Munich Palace,hotel,United Arab Emirates,2023-09-06,2023-09-29,24,$5935.75,26082.92,1.7,CANCELLED,credit_card,2021-07-06,missing customer_name
BK002268,,user486@outlook.com,+971-60-0996587,Coral Barcelona Suites,Luxury Hotel,Saudi Arabia,2024-05-19,2024-05-27,11,14796.78,1886.32,2.2,confirmed,crypto,2022-02-03,missing customer_name
BK009807,"MILLER, THOMAS",miller.thomas692@gmail.com,(+13) 485-540780,Oasis Barcelona Lodge,Villa,USA,2024-04-19,2024-05-10,-5,7064.77,34481.58,3.8,pending,,01-14-2023,invalid nights (-5)
BK001624,Robert Thompson,robert.thompson210@yahoo.com,00971139081409,Oasis Munich Resort,Villa,United Kingdom,2023-10-18,2023-11-03,-19,10693.32,27641.12,3.4,confirmed,Credit Card,2021-03-21,invalid nights (-19)
BK011426,,user988@gmail.com,+971-78-5328709,Summit Riyadh Retreat,Hostel,Thailand,2022-03-08,2022-03-14,19,573.62,1112.88,2.9,Cancelled,CREDIT_CARD,2024-06-20,missing customer_name
BK005922,,user626@yahoo.com,043765000,Palm Paris Villas,Hotel,UK,2024-05-16,2024-06-01,1,11002.99,869.92,2.3,Cancelled,debit_card,2023-05-08,missing customer_name
BK001000,PATRICIA LOPEZ,patricia.lopez288@gmail.com,(+37) 028-809537,Grand Munich Lodge,HOTEL,uae,2024-04-16,2024-05-02,20,13621.39,31481.92,7.0,Confirmed,bank_transfer,2024-01-01,rating out of range (7.0)
BK004928,,user901@outlook.com,(+49) 401-731356,Golden London Suites,Luxury Hotel,United Arab Emirates,01/12/2024,2024-12-08,23,2217.73,7881.37,1.8,cancelled,bank_transfer,2021-12-02,missing customer_name
BK003067,,user616@outlook.com,169913646,Summit Mumbai Inn,Apartment,france,02/09/2024,2024-09-21,28,12540.13,13349.97,4.6,Cancelled,crypto,2023-09-17,missing customer_name
BK002194,Daniel Thomas,daniel.thomas728@hotmail.com,+971-24-5025977,Coral New York Palace,Budget Hotel,Saudi Arabia,20/05/2023,2023-05-24,-10,13727.9,5530.12,3.7,Pending,Bank Transfer,2024-09-10,invalid nights (-10)
BK006941,Robert Gonzalez,robert.gonzalez563@mail.com,,Silver Barcelona Inn,HOTEL,Germany,2022-09-06,2022-09-23,-17,2690.09,3898.78,4.3,cancelled,CREDIT_CARD,2024-11-07,invalid nights (-17)
BK008604,,user724@hotmail.com,894908233,Silver Rome Retreat,Budget Hotel,United Kingdom,07/04/2024,2024-04-27,3,10499.54,35508.6,4.9,pending,CREDIT_CARD,2024-02-21,missing customer_name
BK010755,,user521@yahoo.com,00971292672883,Silver Munich Hotel,Resort,Japan,2022-11-03,2022-11-08,17,9159.81,9856.05,6.6,CANCELLED,paypal,2021-02-16,missing customer_name; rating out of range (6.6)
BK000376,Betty Davis,betty.davis291@mail.com,+971-98-8981166,Coral Riyadh Inn,hotel,USA,2023-03-28,2023-04-19,5,11764.83,26942.96,8.6,CANCELLED,bank_transfer,2021-07-21,rating out of range (8.6)
BK005359,thomas taylor,thomas.taylor521@mail.com,925146697,Desert Rome Palace,Hostel,france,2022-07-14,2022-08-06,-25,3235.83,8864.2,3.5,pending,debit_card,2022-12-10,invalid nights (-25)
BK004200,Robert Martin,robert.martin434@hotmail.com,(+59) 578-799417,Sunset Riyadh Retreat,Hotel,KSA,2022-06-02,2022-06-08,4,10468.76,3186.6,9.8,Confirmed,crypto,2023-11-27,rating out of range (9.8)
BK000383,,user847@hotmail.com,183756624,Grand Paris Villas,Boutique Hotel,France,2023-11-09,2023-11-29,18,2980.03,,2.1,CONFIRMED,Bank Transfer,2023-10-11,missing customer_name
BK008213,,user004 at gmail.com,+971-74-5806071,Marina Tokyo Retreat,Budget Hotel,France,2022-09-16,2022-10-07,2,4478.85,31630.62,1.3,Cancelled,paypal,2023-09-22,missing customer_name
BK011623,James Perez,james.perez217@mail.com,476937760,Desert Barcelona Resort,Hostel,Australia,18/04/2023,2023-05-13,-19,14438.32,29877.5,2.6,CONFIRMED,credit_card,2024-03-29,invalid nights (-19)
BK010877,,user772@hotmail.com,00971956691433,Marina London Villas,hotel,france,2022-09-11,2022-10-07,24,12081.86,6793.02,4.8,pending,PayPal,2022-12-24,missing customer_name
BK006493,Charles Gonzalez,,449531043,Royal Mumbai Residences,Boutique Hotel,India,2023-12-03,2023-12-06,-6,4157.57,2447.34,1.6,pending,PayPal,2023-03-08,invalid nights (-6)
BK004281,,user141@gmail.com,(+46) 601-653737,Coral London Hotel,Luxury Hotel,United Arab Emirates,05/03/2022,2022-03-26,20,8064.54,21372.33,2.5,CONFIRMED,credit_card,2021-01-31,missing customer_name
BK002854,,user506@outlook.com,320949079,Silver Riyadh Retreat,Apartment,Australia,2023-03-30,2023-04-06,6,2857.91,9228.31,4.2,Pending,paypal,2024-09-12,missing customer_name
BK003374,Mark Martin,mark.martin686@hotmail.com,189021790,Palm Mumbai Suites,Boutique Hotel,United Arab Emirates,2023-08-04,2023-08-31,-5,$11824.93,26199.72,3.6,Pending,paypal,2023-06-04,invalid nights (-5)
BK008778,Thomas Garcia,thomas.garcia249@gmail.com,+971-00-9346936,Oasis London Retreat,Luxury Hotel,Japan,2024-11-12,2024-11-25,-4,743.42,5507.06,3.1,Cancelled,crypto,2022-08-17,invalid nights (-4)
BK001601,anthony perez,anthony.perez482 at outlook.com,+971-71-6741964,Summit London Inn,Villa,Saudi Arabia,2023-05-11,2023-05-12,1,10709.26,1883.09,9.2,CONFIRMED,PayPal,2021-02-14,rating out of range (9.2)
BK003650,,user513@mail.com,(+86) 718-892929,Azure Sydney Resort,Boutique Hotel,United Kingdom,2022-08-09,2022-08-24,2,11631.62,13333.65,4.9,Pending,bank_transfer,2023-05-07,missing customer_name
BK010842,Linda Thomas,linda.thomas128@hotmail.com,375815647,Marina Barcelona Lodge,HOTEL,Australia,2024-08-17,2024-09-04,6,11703.74,31304.16,8.2,pending,paypal,2022-12-23,rating out of range (8.2)
BK002294,,,+971-97-2630067,Silver Munich Palace,Resort,France,2022-02-09,2022-02-18,2,3409.05,14374.71,2.4,confirmed,crypto,18/02/2022,missing customer_name
BK001131,Barbara Martin,barbara.martin025@outlook.com,00971423440226,Desert Paris Villas,Hostel,Germany,2022-08-07,2022-08-18,-16,13720.51,5886.87,4.2,Pending,credit_card,2024-09-19,invalid nights (-16)
BK000841,Joseph Gonzalez,joseph.gonzalez522@mail.com,302441468,Grand New York Inn,Hostel,Australia,2023-03-12,2023-03-18,-29,746.48,11286.42,,refunded,debit_card,2022-08-03,invalid nights (-29)
BK007448,Karen Lee,karen.lee661@hotmail.com,+971-31-7855849,Summit Munich Palace,Apartment,Saudi Arabia,2023-12-23,2023-12-24,-27,5732.52,778.1,1.4,Pending,bank_transfer,2022-12-19,invalid nights (-27)
BK001937,joseph lee,joseph.lee862@hotmail.com,00971594160054,Silver Munich Residences,Boutique Hotel,Japan,2022-05-02,2022-05-15,29,6547.33,11023.74,9.8,Pending,bank_transfer,2024-02-03,rating out of range (9.8)
BK004127,,user641@outlook.com,(+37) 652-536302,Oasis Singapore Inn,Hotel,UK,26/03/2024,2024-03-28,9,666.93,,8.6,CONFIRMED,crypto,2024-12-02,missing customer_name; rating out of range (8.6)
BK009037,,user160@outlook.com,00971448126300,Summit Tokyo Resort,Villa,FRANCE,2022-05-13,2022-05-16,17,4076.35,3409.32,4.9,Confirmed,paypal,2023-04-15,missing customer_name
BK002852,Michael Anderson,michael.anderson119@outlook.com,191681040,Golden Paris Residences,Hostel,uae,2023-12-27,2024-01-14,17,9631.8,33799.86,5.6,confirmed,debit_card,2022-11-18,rating out of range (5.6)
BK007985,,user245@outlook.com,00971023876652,Grand Rome Residences,Villa,US,2024-03-03,2024-03-31,10,"13297,14",11127.48,1.4,cancelled,,2021-09-10,missing customer_name
BK002331,Margaret Moore,margaret.moore737 at mail.com,985592258,Silver Singapore Lodge,Hostel,FRANCE,2022-03-07,2022-03-28,10,13865.46,32321.1,8.6,confirmed,Bank Transfer,2024-08-20,rating out of range (8.6)
BK007340,Susan White,susan.white166@mail.com,+971-61-1453017,Sunset Barcelona Residences,Hostel,uae,2022-04-20,2022-05-09,22,2667.32,25851.02,6.2,Confirmed,paypal,2022-10-06,rating out of range (6.2)
BK006596,Sandra Smith,sandra.smith386@gmail.com,+971-18-3353518,Coral Sydney Resort,Luxury Hotel,US,2022-02-16,2022-03-10,-21,6807.7,27923.5,3.9,cancelled,CREDIT_CARD,2021-04-30,invalid nights (-21)
BK001963,,user189@mail.com,647101326,Palm Rome Villas,Villa,United Arab Emirates,2022-10-24,2022-11-09,13,9634.48,24810.88,4.1,pending,Bank Transfer,2021-10-02,missing customer_name
BK011854,,user084@hotmail.com,+971-90-0307485,Coral Singapore Palace,Luxury Hotel,France,02-01-2022,2022-02-15,8,13700.16,21761.6,3.6,pending,Credit Card,2023-06-28,missing customer_name
BK002387,john perez,john.perez452@mail.com,(+65) 866-543771,Coral Mumbai Lodge,Boutique Hotel,United Arab Emirates,2024-07-23,2024-07-27,14,10610.23,1783.92,6.4,confirmed,Bank Transfer,2022-02-15,rating out of range (6.4)
BK008145,Jennifer Lee,jennifer.lee210@yahoo.com,+971-34-6532830,Oasis Rome Resort,Hotel,Germany,2022-08-05,2022-09-04,-12,6063.26,13797.3,2.6,pending,credit_card,10-17-2023,invalid nights (-12)
BK000874,Michael Lee,michael.lee584@hotmail.com,512804438,Marina Barcelona Resort,Hostel,Australia,2024-07-05,2024-07-11,5,933.18,4802.52,5.6,refunded,,2022-01-16,rating out of range (5.6)
BK001525,Nancy Lopez,nancy.lopez409@outlook.com,00971489940839,Grand Dubai Suites,Luxury Hotel,france,2023-11-09,2023-11-12,24,7957.53,737.1,6.2,CANCELLED,crypto,2023-02-26,rating out of range (6.2)
BK001251,,user182@hotmail.com,(+68) 551-273921,Azure Barcelona Hotel,Hostel,UK,2023-09-01,2023-09-08,8,$8853.92,13640.27,1.7,cancelled,Credit Card,2021-10-11,missing customer_name
BK011270,,user186 at yahoo.com,+971-45-4651655,Sunset Riyadh Inn,hotel,United States,2022-04-12,2022-05-09,12,13079.53,8347.05,3.1,CONFIRMED,crypto,2023-11-01,missing customer_name
BK003873,Jennifer Jackson,jennifer.jackson375@yahoo.com,585723332,Palm Riyadh Residences,Villa,Spain,2024-05-02,2024-05-19,-29,7322.95,3438.59,2.7,pending,debit_card,2022-10-29,invalid nights (-29)
BK000423,Mark White,mark.white940@hotmail.com,00971745272251,Palm Riyadh Suites,Apartment,US,2023-06-09,2023-07-08,-18,6710.47,48039.08,3.5,cancelled,bank_transfer,2021-11-23,invalid nights (-18)
BK009672,Michael Williams,michael.williams735@hotmail.com,+971-24-9182266,Silver Dubai Residences,Luxury Hotel,UAE,09-02-2023,2023-09-24,1,5925.18,7860.16,8.2,CONFIRMED,,2023-07-08,rating out of range (8.2)
BK006400,JOHN BROWN,john.brown308@gmail.com,(+61) 180-202951,Palm Rome Inn,Budget Hotel,UAE,2022-10-25,2022-10-28,-16,14806.28,2427.18,7.4,CANCELLED,Bank Transfer,2021-01-11,invalid nights (-16); rating out of range (7.4)
BK007089,James Davis,james.davis956@mail.com,00971864890721,Palm Paris Palace,Resort,United States,2023-08-20,2023-09-13,-4,3665.52,46281.84,2.1,Pending,crypto,2024-07-13,invalid nights (-4)
BK009108,Betty Smith,betty.smith008@mail.com,797586101,Royal Sydney Retreat,HOTEL,Thailand,2022-07-14,2022-08-13,16,9197.02,15377.4,9.2,Cancelled,PayPal,2022-11-05,rating out of range (9.2)
BK011716,Patricia Wilson,patricia.wilson760@outlook.com,257451036,Royal Riyadh Hotel,Apartment,United Arab Emirates,2024-11-01,2024-11-06,-24,6768.57,9770.2,,CONFIRMED,paypal,2022-02-27,invalid nights (-24)
BK008247,Sarah Thompson,sarah.thompson358@outlook.com,+971-41-3668490,Oasis Sydney Spa & Resort,Budget Hotel,United Arab Emirates,2023-04-14,2023-05-05,20,3679.8,30556.68,9.8,Pending,debit_card,2023-12-13,rating out of range (9.8)
BK009573,"WHITE, MATTHEW",white.matthew014@outlook.com,00971586309153,Azure Dubai Spa & Resort,Apartment,Singapore,30/11/2022,2022-12-01,-20,10583.62,658.98,2.4,CONFIRMED,Credit Card,2021-06-06,invalid nights (-20)
BK004853,,user743@yahoo.com,(+37) 848-470046,Summit New York Spa & Resort,Budget Hotel,france,2023-08-13,2023-09-01,-28,14590.69,36459.48,3.7,Pending,bank_transfer,2023-01-30,missing customer_name; invalid nights (-28)
BK011637,Nancy Jackson,nancy.jackson684@hotmail.com,(+14) 182-386628,Sunset Paris Resort,Resort,USA,2022-05-01,2022-05-11,-7,10172.36,12616.1,4.5,pending,Credit Card,2022-11-12,invalid nights (-7)
BK004962,"MARTIN, LISA",martin.lisa514@hotmail.com,+971-89-1086514,Palm Paris Spa & Resort,hotel,france,2022-03-15,2022-04-11,-16,13982.4,31034.34,2.6,Confirmed,CREDIT_CARD,2024-10-27,invalid nights (-16)
BK002541,,user425@gmail.com,502441737,Palm Mumbai Lodge,Hostel,UAE,2023-08-09,2023-08-19,30,11690.85,10540.4,,Pending,Bank Transfer,2023-04-28,missing customer_name
BK003828,susan wilson,susan.wilson077@hotmail.com,+971-78-8889162,Summit New York Lodge,HOTEL,UAE,2023-12-10,2023-12-26,9,3911.95,2452.96,7.0,CONFIRMED,Credit Card,2021-08-17,rating out of range (7.0)
BK010639,Barbara Lopez,barbara.lopez001@mail.com,,Sunset Munich Spa & Resort,Luxury Hotel,Italy,2024-03-16,2024-03-18,22,377.47,641.78,6.2,Cancelled,Bank Transfer,2024-07-18,rating out of range (6.2)
BK003600,KAREN MOORE,karen.moore188@mail.com,+971-79-1695435,Desert Dubai Suites,HOTEL,KSA,2023-12-04,2023-12-09,-11,417.15,8533.8,3.6,cancelled,CREDIT_CARD,2021-11-26,invalid nights (-11)
BK003674,Sarah Jackson,sarah.jackson157@gmail.com,(+5) 552-352581,Coral Barcelona Spa & Resort,Resort,france,2024-11-20,2024-11-30,-21,8201.98,8466.1,3.3,Confirmed,credit_card,26/12/2024,invalid nights (-21)
BK011904,william gonzalez,william.gonzalez906@yahoo.com,,Silver Barcelona Spa & Resort,Boutique Hotel,Thailand,2023-05-16,2023-06-13,-26,1112.9,36931.72,4.1,Pending,bank_transfer,2023-01-18,invalid nights (-26)
BK005060,Mary Smith,,+971-64-4664295,Azure Tokyo Suites,Boutique Hotel,Saudi Arabia,2022-12-17,2023-01-14,-4,6856.46,54997.88,3.4,CONFIRMED,credit_card,09/09/2022,invalid nights (-4)
BK006768,Margaret Gonzalez,margaret.gonzalez063@mail.com,(+53) 438-221352,Palm New York Lodge,Boutique Hotel,Singapore,2022-01-23,2022-01-28,-25,1784.45,3912.35,1.1,CONFIRMED,credit_card,2022-04-09,invalid nights (-25)
BK001015,"GARCIA, SARAH",garcia.sarah027@hotmail.com,(+57) 702-198465,Palm Paris Suites,Apartment,USA,2022-01-08,2022-01-26,-12,811.3,,3.3,pending,paypal,2023-05-20,invalid nights (-12)
BK003003,Jessica Garcia,,(+84) 274-154174,Royal Riyadh Hotel,Hostel,UK,2022-05-17,2022-05-29,-24,$13105.01,11685.6,2.0,CANCELLED,paypal,2021-06-12,invalid nights (-24)
BK005039,"RODRIGUEZ, JOHN",rodriguez.john227@gmail.com,+971-79-6079729,Golden Barcelona Residences,Resort,United Kingdom,2022-03-28,2022-04-25,-20,1747.7,26631.64,1.4,Cancelled,paypal,2021-05-21,invalid nights (-20)
BK004456,,user391@yahoo.com,00971736098373,Desert Barcelona Spa & Resort,Resort,france,2022-06-18,2022-07-13,7,5660.11,27492.0,3.4,cancelled,PayPal,2022-06-17,missing customer_name
BK004055,Christopher Thompson,christopher.thompson784@outlook.com,+971-38-2703097,Palm New York Resort,Apartment,UAE,2022-06-09,2022-06-17,-10,12311.46,6402.0,4.4,cancelled,paypal,2023-08-29,invalid nights (-10)
BK011039,James Davis,james.davis850@mail.com,903849000,Sunset New York Lodge,Hostel,uae,27/06/2023,2023-07-06,8,9224.5,8883.36,9.6,cancelled,CREDIT_CARD,2024-10-22,rating out of range (9.6)
BK005226,Patricia Thompson,patricia.thompson957@hotmail.com,586171513,Oasis Barcelona Retreat,Luxury Hotel,Japan,2024-02-29,2024-03-06,20,6880.33,8036.82,9.8,CONFIRMED,crypto,02-18-2023,rating out of range (9.8)
BK000395,Jessica Anderson,jessica.anderson131 at yahoo.com,+971-01-3754297,Sunset London Spa & Resort,Budget Hotel,US,13/10/2022,2022-11-02,-18,9776.87,31083.6,4.1,CONFIRMED,PayPal,2021-02-16,invalid nights (-18)
BK010188,Richard Moore,richard.moore290@hotmail.com,+971-00-4991978,Royal Barcelona Palace,Resort,Australia,2024-12-27,2025-01-06,-12,578.35,18007.2,7.6,CONFIRMED,debit_card,2024-07-12,invalid nights (-12); rating out of range (7.6)
BK009711,,user786@mail.com,00971802098898,Grand Munich Inn,Villa,uae,2022-05-07,2022-05-11,17,7492.32,758.48,1.4,Pending,debit_card,2021-03-07,missing customer_name
BK006283,,user331@hotmail.com,00971248019975,Desert New York Residences,Boutique Hotel,Spain,2024-11-27,2024-12-07,14,6369.9,12971.5,,Cancelled,,11/12/2021,missing customer_name
BK002513,,user723@mail.com,+971-69-9346596,Azure London Suites,Hotel,USA,2023-04-04,2023-04-24,16,9528.39,5387.6,4.5,Pending,crypto,09-14-2024,missing customer_name
BK000859,Christopher Taylor,,704739728,Azure Riyadh Resort,Apartment,Australia,2022-02-28,2022-03-05,24,6824.83,3921.05,6.6,cancelled,Bank Transfer,2021-12-12,rating out of range (6.6)
BK000549,,user901@outlook.com,(+56) 751-582959,Silver Dubai Villas,Villa,United States,27/09/2024,2024-10-10,16,6235.8,10486.45,2.4,confirmed,Bank Transfer,2023-06-25,missing customer_name
BK009043,Linda Anderson,linda.anderson961@mail.com,(+12) 786-098956,Desert Tokyo Suites,Apartment,India,2024-05-31,2024-06-12,-30,$2502.34,10795.56,3.5,cancelled,bank_transfer,2022-02-26,invalid nights (-30)
BK001384,Susan Davis,susan.davis512@hotmail.com,755777630,Sunset Rome Inn,Resort,KSA,2022-07-27,2022-08-01,4,12538.57,9382.0,8.0,Pending,bank_transfer,30/11/2024,rating out of range (8.0)
BK005167,Christopher Jackson,christopher.jackson662@gmail.com,898262029,Summit Tokyo Palace,Apartment,Singapore,2023-04-16,2023-05-09,25,3698.15,29231.39,7.4,Confirmed,PayPal,2022-03-04,rating out of range (7.4)
BK000903,John Perez,john.perez137@hotmail.com,+971-32-0866602,Coral Munich Retreat,Budget Hotel,UK,05-11-2024,2024-05-21,-21,9613.98,7575.7,4.0,CONFIRMED,Credit Card,2024-09-17,invalid nights (-21)
BK002926,Thomas White,thomas.white399@outlook.com,00971568488021,Azure Tokyo Palace,Apartment,Saudi Arabia,2022-04-27,2022-05-26,2,9804.85,45949.92,6.6,confirmed,Credit Card,03-14-2023,rating out of range (6.6)
BK007463,Patricia Johnson,patricia.johnson357@yahoo.com,228400029,Grand Dubai Inn,hotel,france,2022-06-24,2022-06-29,18,14863.78,969.5,8.0,Cancelled,Bank Transfer,2023-04-27,rating out of range (8.0)
BK005385,"THOMPSON, MICHAEL",thompson.michael254@gmail.com,+971-28-4680143,Silver Barcelona Palace,Hostel,Germany,15/10/2022,2022-10-27,-25,7880.04,4290.0,2.7,Pending,Credit Card,2023-08-31,invalid nights (-25)
BK011058,Jennifer Perez,jennifer.perez149@mail.com,+971-47-9595953,Sunset Munich Spa & Resort,Budget Hotel,Singapore,2023-02-01,2023-02-26,-28,7115.73,11420.75,1.8,CANCELLED,credit_card,2023-04-03,invalid nights (-28)
BK006997,Nancy Taylor,nancy.taylor323@mail.com,731370140,Oasis Singapore Hotel,Luxury Hotel,FRANCE,23/01/2024,2024-02-03,29,115.7,11892.65,5.8,cancelled,Bank Transfer,28/08/2023,rating out of range (5.8)
BK008743,,,+971-97-1091406,Golden Singapore Palace,Resort,uae,11-08-2022,2022-12-08,27,4677.67,14918.1,1.7,CONFIRMED,Credit Card,2022-06-04,missing customer_name
BK001945,William Miller,william.miller766@yahoo.com,+971-20-1565075,Summit Barcelona Villas,Resort,Saudi Arabia,2022-07-13,2022-07-18,23,6729.87,6037.8,9.6,Cancelled,Bank Transfer,31/08/2022,rating out of range (9.6)
BK003365,Linda Jackson,linda.jackson301@hotmail.com,(+59) 119-112495,Marina Rome Villas,Boutique Hotel,India,2024-12-20,2024-12-24,18,$1216.58,3233.56,7.4,pending,debit_card,2024-11-29,rating out of range (7.4)
BK011760,Margaret Wilson,margaret.wilson019 at outlook.com,(+33) 426-873988,Silver Singapore Resort,Villa,uae,04/06/2023,2023-06-11,23,7528.43,8125.32,7.8,Pending,CREDIT_CARD,2023-08-22,rating out of range (7.8)
BK000096,Michael Johnson,michael.johnson772@outlook.com,00971302996711,Summit Sydney Villas,Hotel,FRANCE,2024-08-24,2024-08-29,8,689.99,3816.75,5.6,cancelled,Credit Card,2024-12-12,rating out of range (5.6)
BK003834,,user133@yahoo.com,00971436329036,Palm Dubai Hotel,Hostel,Spain,16/01/2023,2023-02-10,10,3070.07,45852.25,3.3,confirmed,bank_transfer,17/02/2024,missing customer_name
BK009568,Jessica Taylor,jessica.taylor778 at hotmail.com,,Coral London Residences,hotel,Italy,2022-09-09,2022-10-09,-28,"1021,97",6538.2,4.5,cancelled,bank_transfer,2023-09-10,invalid nights (-28)
BK010569,Betty Gonzalez,betty.gonzalez867@mail.com,+971-32-3535624,Azure Sydney Residences,Budget Hotel,Australia,2024-05-27,2024-06-11,-12,115.93,29704.65,3.0,confirmed,crypto,2023-03-08,invalid nights (-12)
BK011098,Sarah Wilson,sarah.wilson593@yahoo.com,(+24) 385-276075,Silver Barcelona Spa & Resort,Resort,UAE,2022-11-02,2022-11-29,-11,5016.2,14105.88,,confirmed,paypal,2024-09-30,invalid nights (-11)
BK005642,,user900@yahoo.com,00971627379796,Summit Tokyo Villas,HOTEL,India,06-18-2023,2023-07-10,6,$6504.46,40129.76,1.3,cancelled,,2023-07-15,missing customer_name
BK001307,,user067@mail.com,00971330111153,Palm London Residences,Hostel,KSA,03/02/2022,2022-02-24,16,$2115.89,8105.37,1.2,refunded,Credit Card,2022-06-05,missing customer_name
BK003384,,user081@mail.com,(+52) 043-590431,Desert Singapore Suites,Hostel,United Arab Emirates,2023-12-11,2023-12-12,22,8568.92,1445.46,2.4,pending,credit_card,2021-06-09,missing customer_name
BK004133,Linda Hernandez,linda.hernandez802@gmail.com,711129128,Coral Sydney Lodge,Hotel,Thailand,2023-06-29,2023-07-06,-14,8651.49,,3.0,Cancelled,Credit Card,2023-10-31,invalid nights (-14)
BK003321,,user885@gmail.com,(+6) 856-182460,Desert Dubai Inn,Villa,France,2024-08-13,2024-09-04,25,14918.26,34801.8,4.9,CANCELLED,crypto,2022-12-07,missing customer_name
BK000564,Anthony Jones,anthony.jones285@outlook.com,00971858035569,Oasis Mumbai Retreat,Budget Hotel,Spain,2022-12-03,2022-12-26,3,10099.91,14449.75,6.8,Cancelled,Credit Card,2021-12-14,rating out of range (6.8)
BK002279,Patricia Lopez,patricia.lopez490@hotmail.com,326338080,Azure Riyadh Suites,Apartment,Germany,30/04/2024,2024-05-06,-8,211.09,372.06,3.8,cancelled,Credit Card,2021-08-24,invalid nights (-8)
BK001028,Sandra Taylor,sandra.taylor556@hotmail.com,00971456891255,Silver Dubai Retreat,Apartment,KSA,2023-03-30,2023-04-14,-11,12716.18,14838.6,3.1,refunded,crypto,2021-05-27,invalid nights (-11)
BK002965,Linda Lopez,linda.lopez116@gmail.com,00971157378315,Oasis Barcelona Villas,Villa,UK,2022-02-06,2022-02-07,21,13776.37,1983.15,10.0,Confirmed,debit_card,2024-05-14,rating out of range (10.0)
BK004248,David Rodriguez,david.rodriguez592@outlook.com,(+78) 974-912222,Coral Sydney Inn,HOTEL,Spain,22/01/2024,2024-02-15,-26,1015.07,43382.16,3.5,confirmed,bank_transfer,2023-05-29,invalid nights (-26)
BK004678,,user177@mail.com,00971633893080,Sunset Riyadh Hotel,Apartment,US,2023-03-15,2023-04-13,14,1940.73,52128.95,4.7,refunded,PayPal,2022-06-15,missing customer_name
BK001024,Barbara Thomas,barbara.thomas508@outlook.com,00971146553861,Grand Paris Inn,Villa,US,2023-01-14,2023-01-21,14,$7579.68,8005.83,5.6,refunded,Bank Transfer,2022-09-27,rating out of range (5.6)
BK003090,Lisa Moore,lisa.moore092@gmail.com,+971-85-7394733,Golden London Villas,Resort,Italy,2023-05-14,2023-06-13,-1,3844.82,49857.0,3.7,cancelled,,2021-07-11,invalid nights (-1)
BK007338,,user995@mail.com,+971-69-9257155,Grand New York Retreat,hotel,US,2022-09-05,2022-09-19,19,11159.91,8637.58,2.2,confirmed,credit_card,2022-01-21,missing customer_name
BK007701,Michael Davis,michael.davis874@gmail.com,+971-13-6563978,Palm Munich Villas,hotel,Singapore,2024-08-22,2024-09-03,6,10323.86,10275.36,8.0,Confirmed,paypal,2024-11-11,rating out of range (8.0)
BK009866,David Rodriguez,david.rodriguez779@gmail.com,(+78) 560-621912,Marina Munich Hotel,Hotel,FRANCE,05-06-2022,2022-05-08,-28,1103.32,711.82,4.2,CANCELLED,PayPal,2021-04-16,invalid nights (-28)
BK006500,,user863@mail.com,+971-71-3392024,Coral Barcelona Villas,hotel,FRANCE,2022-06-29,2022-07-22,12,12111.47,18461.64,2.2,cancelled,CREDIT_CARD,05/11/2023,missing customer_name
BK007470,"MARTIN, BETTY",martin.betty542@gmail.com,968423183,Summit Dubai Retreat,Apartment,uae,2022-11-27,2022-12-21,-7,2848.74,29079.36,4.8,Pending,Credit Card,12-19-2023,invalid nights (-7)
BK004525,Thomas Rodriguez,thomas.rodriguez709@outlook.com,(+53) 069-877311,Golden Barcelona Lodge,Luxury Hotel,India,2023-02-09,2023-02-13,-22,13944.22,4044.16,5.0,pending,paypal,2022-09-02,invalid nights (-22)
BK006603,,user690 at hotmail.com,(+3) 519-466761,Silver Rome Resort,Villa,Italy,2023-12-08,2023-12-15,17,8360.61,9731.05,4.9,CANCELLED,Credit Card,2024-06-07,missing customer_name
BK002907,sandra wilson,sandra.wilson464@yahoo.com,00971451914974,Royal Riyadh Palace,Budget Hotel,United Arab Emirates,05/01/2024,2024-01-22,-28,10066.45,9297.47,4.6,refunded,bank_transfer,2022-12-09,invalid nights (-28)
BK003139,David Martin,david.martin349@hotmail.com,902020618,Palm Singapore Retreat,Hotel,UK,2023-06-14,2023-06-25,4,12423.61,4548.72,7.0,pending,CREDIT_CARD,2022-12-13,rating out of range (7.0)
BK004368,,user281@outlook.com,355554266,Oasis Barcelona Inn,Luxury Hotel,France,01-22-2022,2022-02-01,28,11377.07,18937.1,2.9,CANCELLED,crypto,2023-09-30,missing customer_name
BK011669,Robert Perez,robert.perez748@yahoo.com,296723536,Coral Tokyo Villas,Apartment,US,09-24-2023,2023-10-11,17,10746.94,5018.91,9.4,Confirmed,Bank Transfer,2023-09-15,rating out of range (9.4)
BK006183,Margaret Davis,margaret.davis683@mail.com,+971-03-8310513,Summit Dubai Villas,Hotel,UAE,2024-06-19,2024-07-02,-1,12287.41,25888.59,3.4,cancelled,bank_transfer,2021-11-15,invalid nights (-1)
BK010249,"WILLIAMS, JOHN",williams.john963@hotmail.com,00971904499917,Azure Rome Suites,Budget Hotel,UK,2023-01-05,2023-01-07,-19,7542.7,1974.92,3.8,refunded,bank_transfer,2023-02-11,invalid nights (-19)
BK004488,"WHITE, KAREN",white.karen422 at gmail.com,901296330,Silver Mumbai Residences,Hotel,Singapore,2022-08-28,2022-08-31,-17,13993.59,5505.03,2.7,CONFIRMED,debit_card,2021-08-07,invalid nights (-17)
BK009498,Mark Martin,mark.martin074@yahoo.com,(+5) 235-661469,Azure New York Suites,Budget Hotel,United Kingdom,2023-11-03,2023-11-16,-7,9098.02,14668.68,2.1,confirmed,PayPal,2024-06-13,invalid nights (-7)
BK004644,Sandra Williams,sandra.williams993@hotmail.com,00971021181586,Grand Sydney Retreat,Apartment,Saudi Arabia,2024-06-29,2024-07-10,16,1316.08,10899.68,9.4,CANCELLED,Credit Card,2024-07-29,rating out of range (9.4)
BK000980,John Wilson,john.wilson859@gmail.com,538352394,Silver Rome Inn,Apartment,Saudi Arabia,04/03/2024,2024-03-17,20,"6670,84",20297.16,6.4,refunded,paypal,2022-06-14,rating out of range (6.4)
BK010326,Margaret Smith,margaret.smith899@hotmail.com,00971027529933,Oasis New York Retreat,Hotel,Australia,2022-12-18,2023-01-15,-29,6385.26,8076.6,,pending,paypal,21/02/2022,invalid nights (-29)
BK007668,"WILLIAMS, MARK",,173754176,Silver Barcelona Spa & Resort,Budget Hotel,India,2022-05-21,2022-05-30,8,1380.56,8000.82,7.2,CONFIRMED,,2023-09-23,rating out of range (7.2)
BK007683,Christopher Wilson,christopher.wilson612@yahoo.com,00971359985008,Silver Dubai Inn,Hotel,france,2023-10-15,2023-10-24,17,10443.01,8679.24,6.8,Cancelled,paypal,2024-11-20,rating out of range (6.8)
BK002774,,user981@mail.com,258051506,Oasis Sydney Lodge,Luxury Hotel,United Arab Emirates,2024-06-04,2024-06-29,4,9615.86,27168.25,1.2,CANCELLED,CREDIT_CARD,2022-08-28,missing customer_name
BK010800,SANDRA HERNANDEZ,sandra.hernandez291@mail.com,436298542,Desert Mumbai Lodge,Boutique Hotel,USA,2024-11-07,2024-11-30,-3,4815.32,31626.84,3.5,Confirmed,Bank Transfer,2023-02-03,invalid nights (-3)
BK007300,Linda Gonzalez,linda.gonzalez431@gmail.com,00971382619265,Marina Munich Residences,Budget Hotel,United States,07-15-2022,2022-08-09,25,7262.82,34014.25,6.2,pending,PayPal,03/06/2024,rating out of range (6.2)
BK001092,robert jackson,robert.jackson323@yahoo.com,(+33) 181-299601,Silver Riyadh Residences,Hotel,KSA,2023-11-07,2023-11-28,13,2790.46,38582.67,9.4,confirmed,Bank Transfer,2024-05-15,rating out of range (9.4)
BK011848,David Jackson,david.jackson447@yahoo.com,+971-25-9977475,Golden London Palace,Budget Hotel,United Arab Emirates,2024-04-12,2024-04-29,-8,3694.11,20359.37,3.4,Pending,debit_card,2024-04-13,invalid nights (-8)
BK005333,,user643@yahoo.com,+971-95-0720579,Sunset Rome Inn,Luxury Hotel,USA,06-27-2022,2022-07-09,-5,13722.01,19733.88,1.8,cancelled,credit_card,2021-04-11,missing customer_name; invalid nights (-5)
BK000552,Ashley Thompson,ashley.thompson771@gmail.com,(+71) 731-823393,Oasis Singapore Palace,Villa,India,2024-06-18,2024-07-05,-13,3149.19,13894.61,1.7,cancelled,crypto,2022-08-04,invalid nights (-13)
BK009391,,user410@outlook.com,00971378996125,Palm Paris Lodge,HOTEL,United States,02-14-2023,2023-02-27,8,394.3,16270.67,1.8,Pending,paypal,02/08/2021,missing customer_name
BK006709,,user220@outlook.com,+971-07-8072324,Oasis Barcelona Residences,Boutique Hotel,KSA,11-30-2024,2024-12-02,28,6843.13,2028.14,3.8,pending,Credit Card,2024-08-25,missing customer_name
BK006308,nancy martin,nancy.martin801@hotmail.com,(+25) 779-288066,Oasis London Villas,Resort,USA,2023-12-06,2023-12-12,-20,1112.86,10498.98,3.2,Confirmed,paypal,2022-08-03,invalid nights (-20)
BK011016,,user409@hotmail.com,347475508,Golden Tokyo Villas,hotel,Saudi Arabia,2022-03-01,2022-03-29,17,12792.81,54077.52,3.5,Confirmed,PayPal,04-20-2023,missing customer_name
BK004611,Charles Brown,charles.brown648@outlook.com,+971-05-6700248,Coral Sydney Residences,Villa,Spain,2022-05-12,2022-06-04,-27,$1730.77,22411.2,2.1,Cancelled,debit_card,05-25-2023,invalid nights (-27)
BK005683,,user555@yahoo.com,746473344,Silver Barcelona Suites,Boutique Hotel,Singapore,01/06/2023,2023-06-30,2,$4849.08,3024.41,4.8,cancelled,credit_card,2023-12-27,missing customer_name
BK000547,Linda Lee,linda.lee148 at gmail.com,748876465,Silver Mumbai Lodge,Apartment,uae,2024-07-11,2024-07-30,15,3077.75,1949.4,7.0,CANCELLED,debit_card,2023-08-06,rating out of range (7.0)
BK003914,Daniel Smith,daniel.smith933 at hotmail.com,00971518310895,Palm Munich Inn,Budget Hotel,USA,2022-06-12,2022-06-26,6,3624.44,9454.76,5.6,CONFIRMED,CREDIT_CARD,2021-06-28,rating out of range (5.6)
BK002589,mark martinez,mark.martinez933@gmail.com,+971-29-5614997,Summit Dubai Hotel,Villa,UK,2022-10-04,2022-10-29,-23,1237.26,11469.75,4.5,CANCELLED,PayPal,2023-05-23,invalid nights (-23)
BK008722,Michael Johnson,michael.johnson079@gmail.com,(+94) 936-678949,Oasis Singapore Suites,Boutique Hotel,US,2024-08-14,2024-09-12,-15,14026.89,23120.25,,Cancelled,paypal,2022-10-31,invalid nights (-15)
BK001032,Linda Martinez,linda.martinez988 at mail.com,00971682062296,Sunset Sydney Lodge,Luxury Hotel,Thailand,2023-06-17,2023-06-22,1,5172.44,8069.45,9.6,pending,bank_transfer,2022-12-15,rating out of range (9.6)
BK005851,,user834@mail.com,,Palm Sydney Spa & Resort,Villa,uae,2023-05-02,2023-05-05,13,2517.35,5814.72,3.4,CANCELLED,,2023-05-21,missing customer_name
BK009544,Barbara Thomas,barbara.thomas932@yahoo.com,924231908,Silver Dubai Spa & Resort,Villa,United Arab Emirates,2024-06-11,2024-07-03,18,"7946,67",28629.26,7.0,pending,Credit Card,2023-03-16,rating out of range (7.0)
BK005716,John Thompson,john.thompson034@yahoo.com,00971975932828,Grand Munich Hotel,Luxury Hotel,FRANCE,2023-03-19,2023-03-22,21,10147.42,2886.6,8.8,Pending,Credit Card,2024-08-09,rating out of range (8.8)
BK000468,Patricia Taylor,patricia.taylor080@hotmail.com,(+94) 422-327287,Royal Paris Villas,Boutique Hotel,India,2024-01-25,2024-02-09,26,3936.36,2696.85,6.0,pending,Credit Card,2023-12-22,rating out of range (6.0)
BK009154,"LOPEZ, MARGARET",lopez.margaret684@gmail.com,460303740,Marina Paris Resort,Resort,Australia,2024-02-01,2024-02-12,28,5686.54,19991.4,5.6,Cancelled,credit_card,2024-04-26,rating out of range (5.6)
BK001000,PATRICIA LOPEZ,patricia.lopez288@gmail.com,(+37) 028-809537,Grand Munich Lodge,HOTEL,uae,2024-04-16,2024-05-02,20,13621.39,31481.92,7.0,Confirmed,bank_transfer,2024-01-01,rating out of range (7.0)
BK010246,Charles Johnson,charles.johnson233@hotmail.com,859710371,Royal Mumbai Retreat,Luxury Hotel,Japan,07/12/2024,2024-12-09,-20,14214.87,971.32,4.2,Confirmed,credit_card,2024-09-23,invalid nights (-20)
BK004711,"GONZALEZ, MARK",gonzalez.mark956@outlook.com,00971467790173,Azure Paris Retreat,Budget Hotel,Germany,2022-09-19,2022-10-04,13,13126.57,12356.7,7.2,CANCELLED,crypto,2023-08-24,rating out of range (7.2)
BK005708,Margaret Smith,margaret.smith664@mail.com,+971-41-5372775,Sunset Barcelona Hotel,Hotel,UK,2024-06-17,2024-07-17,5,764.64,7603.8,9.4,pending,debit_card,11/08/2024,rating out of range (9.4)
BK005737,Lisa Jackson,lisa.jackson622@gmail.com,496888069,Oasis Riyadh Palace,HOTEL,Germany,2022-06-11,2022-07-06,13,4926.33,11607.5,5.6,Confirmed,,2021-10-20,rating out of range (5.6)
BK010181,,user531@hotmail.com,(+70) 963-904132,Royal Sydney Palace,Villa,FRANCE,2024-01-11,2024-01-22,13,6564.31,2993.98,2.3,cancelled,paypal,2023-01-15,missing customer_name
BK006012,patricia jones,patricia.jones311@yahoo.com,933937963,Desert London Retreat,Villa,Australia,2023-09-26,2023-10-15,-16,5638.69,3516.71,1.8,cancelled,credit_card,2021-08-08,invalid nights (-16)
BK000979,,,(+22) 592-804075,Marina Dubai Villas,Luxury Hotel,USA,2023-02-25,2023-03-13,23,97.55,6838.24,2.7,CANCELLED,crypto,2024-11-05,missing customer_name
BK000825,William Brown,william.brown452@gmail.com,834498973,Summit Riyadh Retreat,Budget Hotel,Italy,2024-08-09,2024-08-22,-13,175.89,10551.45,2.7,cancelled,CREDIT_CARD,2021-05-25,invalid nights (-13)
BK004200,ROBERT MARTIN,robert.martin434@hotmail.com,(+59) 578-799417,Sunset Riyadh Retreat,Hotel,KSA,2022-06-02,2022-06-08,4,10468.76,3186.6,9.8,Confirmed,crypto,2023-11-27,rating out of range (9.8)
BK008266,,user597@gmail.com,074198087,Sunset London Lodge,Apartment,Saudi Arabia,2024-05-31,2024-06-20,29,8778.03,21468.0,2.1,pending,crypto,2022-07-31,missing customer_name
BK002414,Ashley Thomas,ashley.thomas680@gmail.com,(+45) 705-330456,Royal Munich Inn,hotel,Thailand,2023-05-07,2023-05-31,-12,12379.47,11952.72,2.7,confirmed,,2022-12-05,invalid nights (-12)
BK008221,,user337@mail.com,(+98) 975-330930,Desert Sydney Suites,Resort,India,2023-02-05,2023-03-02,18,10337.32,42108.0,2.2,cancelled,Bank Transfer,2023-05-17,missing customer_name
BK001088,Karen Davis,,00971248843279,Sunset Tokyo Villas,Villa,Thailand,17/03/2024,2024-03-24,-16,897.98,13274.17,3.2,CONFIRMED,credit_card,2022-05-26,invalid nights (-16)
BK005958,,user573@yahoo.com,00971467817806,Palm New York Spa & Resort,HOTEL,US,2024-07-15,2024-07-22,10,8412.57,7380.8,4.5,refunded,Bank Transfer,10/06/2022,missing customer_name
BK001455,Sarah Gonzalez,,203571502,Royal Barcelona Spa & Resort,Apartment,India,2024-07-02,2024-07-11,-11,353.45,16010.46,1.2,CANCELLED,Credit Card,2024-08-03,invalid nights (-11)
BK000180,,,+971-61-2511766,Silver Mumbai Inn,Resort,KSA,2024-10-06,2024-10-29,19,10947.04,,3.7,refunded,Bank Transfer,2021-01-05,missing customer_name
BK009241,,user555@outlook.com,(+21) 853-747791,Palm New York Spa & Resort,Resort,Saudi Arabia,2024-04-08,2024-04-14,16,13471.61,4758.72,1.7,Confirmed,bank_transfer,2022-06-04,missing customer_name
BK011912,Joseph Gonzalez,joseph.gonzalez588@hotmail.com,00971312151179,Azure Paris Suites,Boutique Hotel,Singapore,2024-06-27,2024-07-18,-18,10755.63,5871.39,1.1,CONFIRMED,,2023-05-19,invalid nights (-18)
BK009200,,user480@hotmail.com,+971-90-9291946,Oasis Riyadh Inn,hotel,Italy,15/09/2022,2022-10-13,2,11559.04,31032.68,4.2,CANCELLED,CREDIT_CARD,2021-11-25,missing customer_name
BK009668,,user627@mail.com,(+11) 363-478680,Silver Munich Inn,Budget Hotel,United States,2022-02-08,2022-03-05,13,1275.18,31879.5,1.0,refunded,CREDIT_CARD,2024-07-31,missing customer_name
BK010646,Thomas Moore,thomas.moore572@outlook.com,,Desert Singapore Palace,Luxury Hotel,Singapore,2022-02-17,2022-03-06,26,5207.18,26767.86,5.6,CONFIRMED,Credit Card,2021-02-15,rating out of range (5.6)
BK011585,John Williams,john.williams074@outlook.com,580878715,Golden Rome Suites,hotel,Singapore,2022-03-29,2022-04-11,-30,9911.73,16651.96,4.1,Pending,crypto,2021-02-23,invalid nights (-30)
BK010037,James Williams,james.williams670@gmail.com,+971-79-7745175,Royal Barcelona Suites,Resort,US,2022-07-28,2022-08-15,6,8205.01,24237.36,9.6,Cancelled,crypto,2021-08-19,rating out of range (9.6)
BK011956,,user187@gmail.com,+971-19-9216476,Grand New York Retreat,hotel,UAE,10/12/2024,2024-12-25,13,9124.1,3344.25,4.8,Confirmed,paypal,2024-04-26,missing customer_name
BK002240,,user825@hotmail.com,(+37) 527-603809,Marina Singapore Residences,Apartment,france,2024-05-16,2024-05-20,22,$5089.22,4651.36,1.8,Pending,PayPal,2022-05-31,missing customer_name
BK002756,,user432@gmail.com,650784052,Oasis Riyadh Residences,Resort,USA,2022-10-06,2022-10-13,8,3852.28,,2.7,CANCELLED,crypto,2021-10-27,missing customer_name
BK003057,,user178@yahoo.com,00971432607031,Palm Sydney Inn,Villa,Spain,2022-02-04,2022-02-15,16,12179.78,12078.99,,refunded,CREDIT_CARD,2024-03-24,missing customer_name
BK006400,John Brown,john.brown308@gmail.com,(+61) 180-202951,Palm Rome Inn,Budget Hotel,UAE,2022-10-25,2022-10-28,-16,14806.28,2427.18,7.4,CANCELLED,Bank Transfer,2021-01-11,invalid nights (-16); rating out of range (7.4)
BK006990,barbara johnson,barbara.johnson089@mail.com,,Oasis Mumbai Spa & Resort,Resort,Thailand,09/04/2024,2024-04-23,-18,11563.83,16287.32,4.0,CONFIRMED,crypto,08-02-2024,invalid nights (-18)
BK003599,,user222@mail.com,747892105,Coral Tokyo Lodge,Villa,France,2023-06-22,2023-06-28,-22,14360.84,2935.98,1.0,pending,paypal,2022-11-27,missing customer_name; invalid nights (-22)
BK002402,,user070 at yahoo.com,(+47) 890-839914,Desert London Lodge,Villa,Thailand,2024-06-16,2024-07-04,21,458.29,20572.38,1.1,CONFIRMED,Credit Card,2024-11-17,missing customer_name
BK003878,Charles Garcia,charles.garcia027@mail.com,00971377114982,Grand Riyadh Hotel,hotel,Thailand,2024-02-15,2024-03-01,-26,4329.45,8207.25,4.9,refunded,bank_transfer,2022-11-25,invalid nights (-26)
BK009871,lisa thomas,lisa.thomas397@hotmail.com,+971-09-5051364,Palm Barcelona Villas,hotel,USA,2023-11-15,2023-11-21,-27,8844.92,1551.12,1.4,pending,,2021-05-17,invalid nights (-27)
BK005358,Sarah Wilson,sarah.wilson786@yahoo.com,340428503,Royal New York Resort,hotel,FRANCE,2022-03-30,2022-04-11,25,648.74,9781.32,7.6,pending,crypto,12-09-2022,rating out of range (7.6)
BK011600,,user431@yahoo.com,00971533957754,Golden Mumbai Inn,HOTEL,Germany,2023-12-25,2024-01-01,24,$10163.97,12555.34,6.4,Cancelled,credit_card,2021-03-07,missing customer_name; rating out of range (6.4)
BK000014,Lisa Martin,lisa.martin036@outlook.com,(+6) 066-178619,Coral Munich Retreat,Boutique Hotel,uae,2022-08-23,2022-08-29,-11,7378.52,11587.26,1.6,refunded,PayPal,2024-06-15,invalid nights (-11)
BK004218,Matthew Rodriguez,matthew.rodriguez669 at gmail.com,(+39) 502-263625,Azure Tokyo Spa & Resort,Budget Hotel,Italy,2023-08-24,2023-08-27,-5,7121.52,2003.94,2.2,pending,debit_card,04/11/2023,invalid nights (-5)
BK007551,Sarah Hernandez,sarah.hernandez631@hotmail.com,(+71) 788-298371,Desert Rome Spa & Resort,Luxury Hotel,france,2022-11-05,2022-12-04,-10,11414.02,7733.43,4.0,pending,debit_card,2022-09-10,invalid nights (-10)
BK009800,,user230@yahoo.com,355973191,Golden Singapore Villas,Apartment,USA,2022-09-25,2022-10-17,15,7279.94,16239.96,1.4,CANCELLED,Bank Transfer,2021-05-11,missing customer_name
BK010940,,user437@hotmail.com,00971697856363,Silver Barcelona Lodge,Luxury Hotel,France,2023-10-28,2023-11-01,17,$11849.93,4150.92,4.0,CONFIRMED,bank_transfer,22/12/2023,missing customer_name
BK010013,linda martin,linda.martin077@hotmail.com,00971616831274,Desert London Suites,Hostel,India,2022-11-27,2022-12-08,-19,$10947.68,18044.95,1.4,cancelled,CREDIT_CARD,2021-01-02,invalid nights (-19)
BK009218,,user263@mail.com,00971897256036,Grand London Villas,Villa,UAE,2024-01-05,2024-01-23,14,9900.51,2390.04,1.9,pending,PayPal,2021-06-09,missing customer_name
BK009253,Lisa Jackson,lisa.jackson349@gmail.com,00971530810141,Grand London Residences,Apartment,Italy,2022-10-21,2022-11-06,-4,1809.68,29765.44,2.9,confirmed,paypal,2023-12-20,invalid nights (-4)
BK000109,,user360@gmail.com,00971070418881,Desert London Villas,Hotel,france,2023-03-21,2023-03-31,25,3166.28,15821.6,3.9,refunded,crypto,2021-09-08,missing customer_name
BK002726,,user338@hotmail.com,00971337584555,Sunset Munich Spa & Resort,Hostel,United Arab Emirates,2022-09-11,2022-09-29,27,10699.98,3399.48,1.2,refunded,credit_card,2024-03-29,missing customer_name
BK004367,,user592@yahoo.com,721718503,Silver Rome Resort,Apartment,India,2022-03-05,2022-03-29,14,$8128.58,12348.48,3.6,pending,CREDIT_CARD,2022-12-27,missing customer_name
BK006287,Jennifer Moore,,+971-37-7600491,Marina London Retreat,Boutique Hotel,Germany,2023-02-22,2023-03-15,20,4152.18,35704.2,6.2,Confirmed,CREDIT_CARD,29/08/2022,rating out of range (6.2)
BK003942,Robert Anderson,robert.anderson282@outlook.com,+971-08-6010698,Royal Singapore Suites,Boutique Hotel,Germany,2023-10-25,2023-11-16,2,6190.67,23499.52,5.4,CANCELLED,Bank Transfer,2022-03-27,rating out of range (5.4)
BK011418,"LOPEZ, JAMES",lopez.james231@mail.com,705009380,Royal Barcelona Retreat,HOTEL,Australia,03/07/2023,2023-07-17,17,$6685.03,26975.62,8.8,Cancelled,credit_card,17/02/2021,rating out of range (8.8)
BK001000,Patricia Lopez,patricia.lopez288@gmail.com,(+37) 028-809537,Grand Munich Lodge,HOTEL,uae,2024-04-16,2024-05-02,20,13621.39,31481.92,7.0,Confirmed,bank_transfer,2024-01-01,rating out of range (7.0)
BK008663,James Martin,james.martin861 at outlook.com,+971-90-9532297,Sunset London Hotel,hotel,USA,2023-07-09,2023-08-04,1,3809.8,20005.96,5.2,cancelled,bank_transfer,2022-04-26,rating out of range (5.2)
BK006028,,user133@hotmail.com,00971644774121,Palm Singapore Residences,Apartment,FRANCE,2023-05-30,2023-06-08,14,14765.03,1628.55,1.4,pending,Bank Transfer,2024-09-05,missing customer_name
BK007993,,user132@gmail.com,(+39) 184-595812,Coral London Hotel,Apartment,France,2023-05-10,2023-05-17,24,12839.01,6623.47,5.6,cancelled,Credit Card,2021-04-13,missing customer_name; rating out of range (5.6)
BK007306,,user137@outlook.com,00971446743253,Coral Mumbai Villas,Budget Hotel,Italy,2023-08-16,2023-09-05,25,12917.29,22829.4,3.4,Pending,bank_transfer,02/05/2022,missing customer_name
BK011865,,user436@yahoo.com,,Azure Tokyo Villas,Hostel,USA,2023-01-17,2023-01-23,24,899.76,3638.04,3.4,refunded,Bank Transfer,2021-11-05,missing customer_name
BK003231,Betty Williams,betty.williams780 at yahoo.com,00971714571722,Palm Tokyo Palace,Boutique Hotel,uae,2024-12-21,2024-12-22,-6,13841.77,730.83,2.2,refunded,CREDIT_CARD,2023-09-26,invalid nights (-6)
BK009559,Susan Jones,,,Desert Munich Hotel,Apartment,United States,2024-11-19,2024-12-03,29,12581.09,9724.54,9.8,CONFIRMED,bank_transfer,2022-11-22,rating out of range (9.8)
BK001494,"LEE, ASHLEY",lee.ashley740@mail.com,434823868,Desert Rome Inn,Luxury Hotel,Saudi Arabia,03-15-2024,2024-04-12,21,6181.02,18421.2,10.0,confirmed,Bank Transfer,2021-11-22,rating out of range (10.0)
BK008362,Ashley Thomas,ashley.thomas451@outlook.com,+971-60-3087417,Azure Rome Lodge,Budget Hotel,France,2024-12-07,2025-01-02,-29,14853.38,9455.68,4.3,Confirmed,bank_transfer,2022-12-20,invalid nights (-29)
BK008197,Thomas Thomas,thomas.thomas197@hotmail.com,00971883190525,Royal New York Lodge,HOTEL,UAE,2022-07-07,2022-07-09,16,10603.97,918.66,8.0,pending,paypal,2021-02-14,rating out of range (8.0)
BK011151,"WILLIAMS, ANTHONY",williams.anthony126 at yahoo.com,199629892,Coral Dubai Suites,hotel,Saudi Arabia,2022-08-06,2022-08-24,-5,1928.94,,3.5,cancelled,crypto,2024-02-16,invalid nights (-5)
BK002094,,user649@mail.com,+971-32-8980604,Coral London Palace,hotel,FRANCE,21/06/2023,2023-07-08,12,8236.85,7407.41,,Pending,Bank Transfer,2023-02-09,missing customer_name
BK008047,Michael Miller,,(+69) 021-914411,Golden Riyadh Inn,Resort,FRANCE,06-30-2022,2022-07-09,-16,11113.88,13382.73,,confirmed,credit_card,2021-04-03,invalid nights (-16)
BK006400,JOHN BROWN,john.brown308@gmail.com,(+61) 180-202951,Palm Rome Inn,Budget Hotel,UAE,2022-10-25,2022-10-28,-16,14806.28,2427.18,7.4,CANCELLED,Bank Transfer,2021-01-11,invalid nights (-16); rating out of range (7.4)
BK005575,,user789@hotmail.com,+971-20-8500211,Sunset New York Hotel,HOTEL,France,2022-05-13,2022-05-14,25,8649.84,483.26,2.6,Cancelled,bank_transfer,08/08/2021,missing customer_name
BK009318,Ashley Johnson,ashley.johnson640@mail.com,(+89) 719-074522,Grand Paris Spa & Resort,Hotel,Saudi Arabia,2024-11-23,2024-12-10,-26,4130.28,9348.81,3.4,CONFIRMED,debit_card,2024-05-28,invalid nights (-26)
BK005561,Susan Martinez,,(+46) 323-734953,Sunset Rome Hotel,Resort,Italy,2022-11-29,2022-12-21,-22,4539.56,10952.7,3.8,CONFIRMED,paypal,2021-02-11,invalid nights (-22)
BK005365,,user443@gmail.com,00971595864242,Royal New York Villas,hotel,Germany,2022-03-15,2022-04-03,28,14181.67,36773.17,3.6,Cancelled,Credit Card,2021-03-01,missing customer_name
BK001239,,user378@mail.com,,Sunset Sydney Hotel,Budget Hotel,United States,2023-05-22,2023-06-18,5,7352.22,47418.21,3.4,CANCELLED,,29/02/2024,missing customer_name
BK011661,Jennifer Miller,jennifer.miller961@outlook.com,281755291,Coral Singapore Inn,Hostel,United States,16/04/2022,2022-04-29,-24,956.35,12432.55,4.6,CONFIRMED,,2022-07-11,invalid nights (-24)
BK000802,Linda Johnson,linda.johnson029@gmail.com,,Summit Tokyo Retreat,HOTEL,USA,2023-11-16,2023-12-05,-22,1062.45,33873.39,2.8,Pending,bank_transfer,2021-05-09,invalid nights (-22)
BK001983,,user229 at mail.com,+971-59-1100185,Sunset Riyadh Palace,hotel,UK,2024-11-08,2024-11-16,20,4956.14,1597.04,4.5,Confirmed,Credit Card,2023-12-22,missing customer_name
BK002413,,user266@mail.com,00971741902340,Desert Sydney Suites,Hostel,Germany,2023-01-31,2023-02-01,30,2798.2,871.99,7.2,pending,CREDIT_CARD,2024-05-18,missing customer_name; rating out of range (7.2)
BK001200,CHARLES DAVIS,charles.davis932@yahoo.com,00971562067569,Golden London Hotel,HOTEL,uae,2022-11-18,2022-12-16,19,7250.29,15506.68,7.6,Cancelled,debit_card,2023-04-23,rating out of range (7.6)
BK005495,,user399@yahoo.com,00971378562098,Silver Munich Resort,Villa,United States,2023-05-11,2023-05-16,17,9764.89,746.7,4.2,CONFIRMED,Bank Transfer,2022-06-01,missing customer_name
BK009800,,user230@yahoo.com,355973191,Golden Singapore Villas,Apartment,USA,2022-09-25,2022-10-17,15,7279.94,16239.96,1.4,CANCELLED,Bank Transfer,2021-05-11,missing customer_name
BK001693,,user530@gmail.com,+971-35-1861880,Palm Munich Inn,Boutique Hotel,UAE,2023-04-14,2023-04-17,26,13872.76,,2.9,confirmed,bank_transfer,01-11-2022,missing customer_name
BK001244,,user300@hotmail.com,00971487609784,Azure Rome Hotel,Resort,UK,2024-07-18,2024-08-15,19,3221.09,33632.2,1.9,Cancelled,credit_card,2024-09-24,missing customer_name
BK010800,SANDRA HERNANDEZ,sandra.hernandez291@mail.com,436298542,Desert Mumbai Lodge,Boutique Hotel,USA,2024-11-07,2024-11-30,-3,4815.32,31626.84,3.5,Confirmed,Bank Transfer,2023-02-03,invalid nights (-3)
BK006967,Richard Davis,,719522683,Royal Rome Inn,Budget Hotel,United Kingdom,2024-04-21,2024-04-25,3,4852.07,7148.72,6.0,refunded,debit_card,2023-06-13,rating out of range (6.0)
BK010572,Ashley Anderson,ashley.anderson853@hotmail.com,+971-37-4895600,Royal Munich Villas,Hostel,Australia,2023-02-15,2023-03-09,-1,4535.28,23646.48,3.3,CANCELLED,credit_card,2022-10-03,invalid nights (-1)
BK008737,,user054@outlook.com,+971-86-5518127,Oasis Paris Spa & Resort,Hotel,france,2023-04-12,2023-04-13,26,3237.66,212.64,3.5,Confirmed,credit_card,28/05/2024,missing customer_name
BK011906,,,00971888017798,Sunset Paris Spa & Resort,HOTEL,Australia,2024-01-07,2024-01-14,8,"8528,13",5920.67,3.5,CANCELLED,debit_card,2023-08-05,missing customer_name
BK011103,,,00971132975095,Marina Sydney Villas,Villa,FRANCE,2023-09-03,2023-09-27,15,8463.88,45466.08,4.3,cancelled,credit_card,2024-04-02,missing customer_name
BK010793,David Perez,david.perez864@outlook.com,(+67) 064-161754,Sunset New York Resort,Apartment,Australia,08-31-2023,2023-09-14,-19,1289.42,18051.88,4.4,refunded,Credit Card,2023-01-14,invalid nights (-19)
BK008148,,user811@mail.com,00971332983280,Golden Barcelona Inn,HOTEL,UAE,2022-02-14,2022-03-07,5,4915.68,7871.43,4.4,CONFIRMED,crypto,07-16-2021,missing customer_name
BK009964,,,278665263,Grand Rome Palace,Resort,uae,2023-11-05,2023-11-29,20,2602.44,29231.76,4.5,pending,credit_card,2022-09-25,missing customer_name
BK000567,Sandra Thompson,sandra.thompson538@gmail.com,(+59) 481-956218,Palm New York Inn,Resort,Thailand,10-11-2024,2024-11-09,14,7388.35,9097.3,8.4,CANCELLED,PayPal,2024-06-12,rating out of range (8.4)
BK008012,,user716@hotmail.com,858264649,Azure London Inn,Villa,france,2022-04-03,2022-04-27,28,11389.0,34631.04,1.9,Pending,crypto,2024-09-17,missing customer_name
BK004721,Anthony Moore,anthony.moore554@yahoo.com,(+17) 308-417719,Coral Barcelona Suites,Boutique Hotel,India,2022-06-04,2022-06-06,-12,439.3,2350.94,1.5,Pending,paypal,2021-01-02,invalid nights (-12)
BK003063,Sandra Davis,sandra.davis880@outlook.com,(+89) 499-690366,Sunset Barcelona Retreat,Resort,uae,2024-11-26,2024-12-12,17,12027.34,6015.04,6.2,cancelled,crypto,2023-04-17,rating out of range (6.2)
BK006355,"ANDERSON, SARAH",anderson.sarah872@hotmail.com,(+3) 698-210499,Oasis Paris Hotel,Boutique Hotel,uae,04-13-2023,2023-05-09,5,$7628.99,25667.2,7.4,confirmed,PayPal,2024-05-20,rating out of range (7.4)
BK007590,,user630 at outlook.com,+971-40-9847001,Coral Sydney Inn,Budget Hotel,Spain,2022-08-13,2022-08-16,22,1642.85,1880.79,3.8,CANCELLED,Bank Transfer,2023-08-24,missing customer_name
BK004696,Jennifer Rodriguez,jennifer.rodriguez951@hotmail.com,00971882601233,Oasis Riyadh Residences,Luxury Hotel,United States,2023-05-22,2023-05-30,21,2873.92,13920.16,8.0,CONFIRMED,Credit Card,07-10-2022,rating out of range (8.0)
BK004233,Betty Rodriguez,betty.rodriguez515@mail.com,(+51) 551-527071,Desert Paris Inn,Luxury Hotel,Thailand,2022-03-07,2022-03-22,19,810.17,12152.55,8.2,refunded,,2022-12-08,rating out of range (8.2)
BK001245,,user172@outlook.com,(+98) 346-238382,Coral Rome Palace,Budget Hotel,Singapore,2023-03-20,2023-04-13,20,577.18,14268.24,2.7,cancelled,Bank Transfer,2024-01-30,missing customer_name
BK009653,,user136@gmail.com,,Oasis Tokyo Residences,Villa,UAE,2023-02-13,2023-02-26,16,7947.96,5605.08,4.3,confirmed,debit_card,2021-12-16,missing customer_name
BK000213,matthew perez,matthew.perez247@yahoo.com,00971121276447,Golden Munich Spa & Resort,Hostel,FRANCE,2023-12-02,2023-12-22,-13,13940.02,29759.8,2.6,pending,debit_card,2022-11-20,invalid nights (-13)
BK005580,Sandra Rodriguez,sandra.rodriguez859@mail.com,(+22) 425-991874,Oasis London Residences,hotel,United Arab Emirates,2024-12-13,2024-12-19,18,"2391,34",4891.44,6.0,Cancelled,Bank Transfer,2022-01-18,rating out of range (6.0)
BK003687,,user803@outlook.com,00971671952845,Desert Singapore Residences,hotel,FRANCE,2023-02-11,2023-03-03,11,7098.03,8285.2,4.9,Cancelled,bank_transfer,2023-01-04,missing customer_name
BK008284,,user410@outlook.com,(+88) 535-022510,Sunset Paris Hotel,Hotel,US,2023-05-15,2023-06-06,25,2965.7,13025.76,1.3,confirmed,bank_transfer,2024-03-22,missing customer_name
BK011283,,user110@outlook.com,+971-50-4881136,Grand Mumbai Residences,Budget Hotel,Saudi Arabia,2024-07-29,2024-07-30,15,14519.73,1327.16,3.4,pending,bank_transfer,2022-02-01,missing customer_name
BK001846,Daniel Brown,daniel.brown664@hotmail.com,752224369,Royal Sydney Suites,Boutique Hotel,KSA,2024-11-07,2024-12-04,1,1979.07,5850.9,9.6,CONFIRMED,CREDIT_CARD,30/12/2023,rating out of range (9.6)
BK004958,john wilson,john.wilson890@hotmail.com,+971-18-2525002,Golden Dubai Inn,Resort,United States,2023-04-25,2023-05-20,2,805.94,20148.5,6.4,CANCELLED,CREDIT_CARD,2023-02-10,rating out of range (6.4)
BK000192,betty gonzalez,betty.gonzalez785@outlook.com,00971867833007,Golden London Lodge,Villa,uae,2022-01-23,2022-01-28,5,909.28,,7.4,CONFIRMED,CREDIT_CARD,09/12/2021,rating out of range (7.4)
BK009159,David Jackson,david.jackson357@hotmail.com,(+85) 232-177184,Desert Dubai Residences,hotel,Spain,2022-12-01,2022-12-17,5,13206.85,23874.24,7.0,confirmed,credit_card,2024-03-06,rating out of range (7.0)
BK003371,James White,,+971-18-1710160,Marina Singapore Palace,Boutique Hotel,United Kingdom,2022-08-02,2022-08-25,8,9960.13,42282.28,7.4,confirmed,crypto,2022-08-18,rating out of range (7.4)
BK011727,,user736 at outlook.com,00971598955478,Coral Mumbai Residences,Hotel,Japan,2022-07-14,2022-08-02,26,14281.97,21135.41,1.1,CANCELLED,Bank Transfer,2024-02-24,missing customer_name
BK009800,,user230@yahoo.com,355973191,Golden Singapore Villas,Apartment,USA,2022-09-25,2022-10-17,15,7279.94,16239.96,1.4,CANCELLED,Bank Transfer,2021-05-11,missing customer_name
BK002980,,user755@yahoo.com,00971280458848,Sunset London Spa & Resort,Resort,India,2024-04-17,2024-05-07,20,3095.73,39087.4,1.1,Cancelled,Credit Card,2024-07-30,missing customer_name
BK004690,Jennifer Brown,jennifer.brown529@hotmail.com,+971-61-2122377,Sunset Tokyo Retreat,Villa,Japan,2024-08-15,2024-09-12,-24,1488.94,52477.88,3.1,CONFIRMED,paypal,2023-12-15,invalid nights (-24)
BK010103,daniel davis,,(+55) 879-454264,Summit Dubai Resort,Luxury Hotel,United States,2024-01-15,2024-01-24,-4,6086.4,15598.62,4.0,Cancelled,CREDIT_CARD,2021-11-22,invalid nights (-4)
BK003383,,user562@mail.com,595765923,Marina Riyadh Villas,HOTEL,Italy,2023-02-27,2023-03-08,30,14894.43,8513.19,4.1,Pending,,2022-11-30,missing customer_name
BK008748,Susan Lee,susan.lee488@gmail.com,(+31) 429-270076,Silver Riyadh Lodge,hotel,US,2022-01-13,2022-02-06,10,$3807.15,21262.56,9.8,Cancelled,Credit Card,2024-01-21,rating out of range (9.8)
BK006070,"THOMAS, LISA",thomas.lisa427@gmail.com,00971767453719,Marina Riyadh Lodge,Boutique Hotel,USA,2022-09-24,2022-10-10,19,$13862.75,7416.64,9.0,cancelled,CREDIT_CARD,2022-02-14,rating out of range (9.0)
BK005715,Charles White,charles.white241@gmail.com,819849325,Desert Tokyo Spa & Resort,Apartment,USA,2024-02-25,2024-03-22,-11,4340.24,34976.76,3.3,Cancelled,CREDIT_CARD,27/06/2024,invalid nights (-11)
BK011891,"MILLER, CHRISTOPHER",miller.christopher455@yahoo.com,,Desert Dubai Inn,Hostel,Thailand,2022-04-30,2022-05-29,30,5233.0,55921.86,9.0,Cancelled,CREDIT_CARD,2021-07-13,rating out of range (9.0)
BK011600,,user431@yahoo.com,00971533957754,Golden Mumbai Inn,HOTEL,Germany,2023-12-25,2024-01-01,24,$10163.97,12555.34,6.4,Cancelled,credit_card,2021-03-07,missing customer_name; rating out of range (6.4)
BK006898,Sarah Anderson,sarah.anderson757 at mail.com,+971-20-4706679,Oasis London Palace,Hotel,Germany,2023-08-05,2023-08-19,-16,9709.49,8754.06,2.1,refunded,paypal,2023-07-07,invalid nights (-16)
BK001460,,user062 at mail.com,00971206262387,Palm New York Retreat,Hostel,uae,2022-05-29,2022-06-27,30,$11793.76,32373.28,,Pending,paypal,2024-11-06,missing customer_name
BK001868,,user401@mail.com,+971-75-9668743,Grand London Inn,Resort,India,20/03/2024,2024-03-28,15,11241.52,8094.0,5.2,CONFIRMED,,2022-06-02,missing customer_name; rating out of range (5.2)
BK004200,Robert Martin,robert.martin434@hotmail.com,(+59) 578-799417,Sunset Riyadh Retreat,Hotel,KSA,2022-06-02,2022-06-08,4,10468.76,3186.6,9.8,Confirmed,crypto,2023-11-27,rating out of range (9.8)
BK011337,,user660@mail.com,+971-56-2411630,Silver Paris Palace,Luxury Hotel,KSA,2023-12-29,2023-12-30,18,$4460.13,495.13,1.2,CONFIRMED,Bank Transfer,2023-08-19,missing customer_name
BK001023,,user510@yahoo.com,00971984742210,Marina Rome Inn,hotel,france,2022-09-23,2022-10-06,1,1622.54,21093.02,3.6,pending,PayPal,03-08-2024,missing customer_name
BK011581,Linda Gonzalez,linda.gonzalez022@hotmail.com,00971424039191,Silver Paris Palace,Hotel,Germany,02-12-2022,2022-03-09,-10,13379.28,12885.0,1.5,pending,crypto,2023-04-05,invalid nights (-10)
BK003579,"JACKSON, SUSAN",jackson.susan562@mail.com,00971963251813,Sunset Mumbai Suites,Hotel,Saudi Arabia,2023-08-23,2023-08-29,-30,8332.94,,3.0,cancelled,,29/09/2021,invalid nights (-30)
BK011842,mary brown,mary.brown181@mail.com,(+15) 757-258399,Silver Mumbai Suites,Villa,Italy,2024-09-20,2024-10-16,19,7264.96,48164.22,7.4,pending,PayPal,2023-03-28,rating out of range (7.4)
BK011183,,user550 at gmail.com,(+49) 830-789390,Grand Mumbai Retreat,Apartment,uae,2023-07-21,2023-07-24,27,$3046.18,3936.66,2.0,pending,debit_card,2021-12-05,missing customer_name
BK011800,Ashley Moore,ashley.moore410@yahoo.com,+971-80-5244668,Palm Mumbai Inn,hotel,Saudi Arabia,18/12/2024,2024-12-20,7,1683.92,3367.84,7.8,Confirmed,paypal,2024-11-08,rating out of range (7.8)
BK007575,"WILSON, ANTHONY",wilson.anthony563@yahoo.com,+971-57-0340980,Desert Paris Inn,Hostel,Saudi Arabia,2022-06-15,2022-07-08,-26,8182.23,33112.64,2.7,CANCELLED,crypto,2024-01-02,invalid nights (-26)
BK008690,Patricia Thomas,patricia.thomas367@outlook.com,00971759512504,Golden London Palace,Boutique Hotel,United States,2022-10-26,2022-11-17,-29,10421.68,5311.46,3.9,refunded,bank_transfer,2024-10-27,invalid nights (-29)
BK008308,Jessica Smith,jessica.smith441@hotmail.com,+971-95-6640307,Oasis Munich Hotel,HOTEL,UK,2024-07-06,2024-07-26,3,8297.07,29549.4,5.2,refunded,Bank Transfer,2024-03-07,rating out of range (5.2)
BK004275,,user746@yahoo.com,00971203641007,Silver New York Hotel,Apartment,Germany,2023-04-18,2023-05-11,11,4540.66,1375.63,1.6,cancelled,paypal,2024-05-04,missing customer_name
BK007050,Patricia Smith,patricia.smith608@mail.com,211798016,Azure Barcelona Lodge,hotel,Australia,2023-01-27,2023-02-10,-29,7047.68,23959.46,3.8,CANCELLED,,2022-11-10,invalid nights (-29)
BK008038,James Lopez,james.lopez328 at yahoo.com,00971009689219,Coral Munich Retreat,Villa,United Arab Emirates,2024-08-04,2024-08-19,-21,4342.69,17973.9,3.5,Confirmed,crypto,2021-08-04,invalid nights (-21)
BK009881,,user754@mail.com,+971-05-1992241,Oasis Singapore Residences,Resort,Italy,2022-06-03,2022-06-30,8,4648.87,24290.55,3.5,refunded,PayPal,2021-08-13,missing customer_name
BK002278,,user782@outlook.com,+971-68-1698062,Coral Munich Spa & Resort,Resort,United Kingdom,2022-08-04,2022-08-11,12,11773.11,10323.39,4.9,CONFIRMED,credit_card,2022-08-14,missing customer_name
BK007351,,user446@hotmail.com,00971595086912,Royal Sydney Residences,Resort,Italy,06/07/2023,2023-07-31,19,14486.82,35476.25,2.7,Cancelled,,2023-06-05,missing customer_name
BK001978,,user610@outlook.com,(+96) 625-843370,Golden London Palace,Boutique Hotel,FRANCE,2022-03-30,2022-04-04,11,7283.21,3805.2,4.1,Pending,credit_card,2022-08-27,missing customer_name
BK002281,Barbara Perez,barbara.perez582 at outlook.com,(+49) 829-852563,Azure London Inn,Resort,Spain,2024-10-23,2024-11-10,-28,6975.53,11875.32,3.9,Confirmed,Bank Transfer,10-25-2023,invalid nights (-28)
BK008044,,user615@mail.com,(+15) 762-985192,Azure Dubai Villas,Villa,Thailand,2023-04-08,2023-04-09,21,"11559,39",1809.22,4.5,pending,Bank Transfer,2022-07-09,missing customer_name
BK007410,,user811@gmail.com,(+65) 942-803455,Golden Riyadh Hotel,hotel,Thailand,10/08/2022,2022-09-01,7,915.5,20141.0,1.2,Confirmed,bank_transfer,03-04-2024,missing customer_name
BK003767,Nancy Moore,nancy.moore968@mail.com,(+48) 975-828652,Summit Tokyo Hotel,Hostel,UAE,2022-04-19,2022-05-03,-9,3381.43,6229.02,3.7,CONFIRMED,debit_card,2023-10-20,invalid nights (-9)
BK009525,Robert Thomas,robert.thomas674@gmail.com,(+63) 497-169950,Desert Barcelona Palace,Villa,United States,15/09/2024,2024-10-04,29,12924.47,9583.6,9.4,CONFIRMED,Bank Transfer,2024-04-26,rating out of range (9.4)
BK000149,john taylor,john.taylor886@hotmail.com,+971-35-3112749,Golden Singapore Inn,Villa,france,2023-01-11,2023-01-31,18,7908.51,30352.6,5.6,Confirmed,credit_card,2023-09-10,rating out of range (5.6)
BK010668,Jennifer Martinez,jennifer.martinez452@mail.com,(+96) 368-322303,Oasis Barcelona Hotel,Apartment,Spain,2023-08-25,2023-09-06,-3,11764.75,14923.92,6.2,refunded,Credit Card,2024-02-18,invalid nights (-3); rating out of range (6.2)
BK009186,,user540@hotmail.com,(+34) 439-009383,Golden Barcelona Spa & Resort,Budget Hotel,Australia,2023-05-22,2023-06-02,23,10084.94,9864.47,2.4,refunded,PayPal,2023-12-15,missing customer_name
BK010124,,user044@mail.com,00971899089865,Royal New York Palace,Luxury Hotel,Germany,2024-09-26,2024-10-18,14,$13032.14,8311.6,3.0,Cancelled,PayPal,2024-12-01,missing customer_name
BK011600,,user431@yahoo.com,00971533957754,Golden Mumbai Inn,HOTEL,Germany,2023-12-25,2024-01-01,24,$10163.97,12555.34,6.4,Cancelled,credit_card,2021-03-07,missing customer_name; rating out of range (6.4)
BK010239,Patricia Hernandez,patricia.hernandez435@gmail.com,803580512,Summit Singapore Retreat,Hostel,uae,2023-01-07,2023-01-17,11,$10792.68,,5.2,Confirmed,PayPal,2021-01-03,rating out of range (5.2)
BK009953,,user489@hotmail.com,759442704,Silver Mumbai Palace,Apartment,United Kingdom,10-25-2024,2024-11-17,-21,10747.07,36933.63,4.4,refunded,Bank Transfer,2023-12-31,missing customer_name; invalid nights (-21)
BK009601,Anthony Garcia,,(+39) 634-524637,Oasis Paris Palace,Villa,France,2024-07-26,2024-08-17,2,3916.75,27907.88,8.2,CANCELLED,debit_card,2022-06-18,rating out of range (8.2)
BK003751,Matthew Miller,matthew.miller290@hotmail.com,00971046732671,Marina Mumbai Residences,Budget Hotel,Singapore,2023-07-06,2023-07-21,20,"12889,79",7079.85,7.2,refunded,paypal,19/04/2023,rating out of range (7.2)
BK004941,Linda Jones,linda.jones980@yahoo.com,841035077,Palm Singapore Residences,HOTEL,India,2022-11-30,2022-12-21,4,$12195.45,1278.69,9.8,refunded,CREDIT_CARD,2021-03-26,rating out of range (9.8)
BK003657,Anthony Martin,anthony.martin166@yahoo.com,+971-92-6682684,Silver Tokyo Villas,Boutique Hotel,france,2023-01-17,2023-01-26,5,5259.65,8497.44,5.8,refunded,Credit Card,2024-01-19,rating out of range (5.8)
BK008346,david white,david.white354@mail.com,(+24) 768-539176,Royal Barcelona Inn,hotel,Saudi Arabia,2023-11-09,2023-12-01,30,11972.81,4393.84,9.6,confirmed,bank_transfer,2022-12-10,rating out of range (9.6)
BK008931,Michael Johnson,michael.johnson351@outlook.com,+971-54-3280882,Desert Rome Hotel,Apartment,Saudi Arabia,2023-12-10,2023-12-23,-12,11901.66,1044.81,2.8,refunded,credit_card,2024-10-01,invalid nights (-12)
BK001850,,,00971053738673,Palm New York Resort,Hotel,Singapore,2024-09-02,2024-09-27,30,5331.2,2984.5,4.5,Cancelled,,2024-10-24,missing customer_name
BK004776,Lisa Moore,lisa.moore682@hotmail.com,+971-77-8839466,Golden Tokyo Residences,Hotel,Italy,2022-03-26,2022-03-31,21,4692.25,5638.35,6.6,refunded,crypto,2023-06-15,rating out of range (6.6)
BK007462,Thomas Martin,thomas.martin430@hotmail.com,00971955784503,Summit Tokyo Residences,Hostel,FRANCE,2022-12-28,2023-01-27,-15,3072.95,2721.9,2.5,confirmed,CREDIT_CARD,2024-09-03,invalid nights (-15)
BK010548,Betty Gonzalez,betty.gonzalez350@hotmail.com,(+7) 213-197036,Coral Dubai Retreat,Hotel,Germany,2024-08-12,2024-09-04,-2,9383.7,40967.83,1.3,Pending,,2023-02-02,invalid nights (-2)
BK007166,,user441@gmail.com,00971733183805,Sunset London Suites,HOTEL,France,2024-03-16,2024-03-29,7,5617.42,4908.93,,CONFIRMED,,2024-06-13,missing customer_name
BK005918,Richard Thomas,richard.thomas620@yahoo.com,134144027,Grand Tokyo Suites,HOTEL,UK,2024-02-27,2024-03-19,-10,11839.43,29363.67,2.2,Confirmed,Credit Card,2021-01-12,invalid nights (-10)
BK002563,Joseph Thompson,joseph.thompson124@hotmail.com,00971821532486,Royal Munich Lodge,Budget Hotel,India,2024-06-12,2024-06-27,-4,$1559.65,23694.6,5.0,Pending,,2023-04-04,invalid nights (-4)
BK005608,,user511 at hotmail.com,084475806,Azure Dubai Spa & Resort,Boutique Hotel,UK,2022-12-16,2022-12-22,3,12977.59,2933.52,2.1,Cancelled,Bank Transfer,2022-04-09,missing customer_name
BK001845,David Miller,david.miller951@outlook.com,(+4) 838-120760,Palm Paris Suites,Hotel,United Arab Emirates,2023-05-30,2023-06-08,-20,4442.28,4746.78,1.9,CONFIRMED,crypto,2022-07-27,invalid nights (-20)
BK003531,,user308@mail.com,(+27) 313-095167,Oasis Singapore Spa & Resort,Resort,Australia,28/05/2022,2022-06-23,8,10956.04,16545.36,5.0,CONFIRMED,,11-13-2024,missing customer_name
BK005303,margaret wilson,margaret.wilson868@mail.com,(+68) 398-158232,Grand Mumbai Palace,Resort,Singapore,2023-01-27,2023-01-30,-2,9469.08,,2.5,confirmed,paypal,2022-06-27,invalid nights (-2)
BK001200,Charles Davis,charles.davis932@yahoo.com,00971562067569,Golden London Hotel,HOTEL,uae,2022-11-18,2022-12-16,19,7250.29,15506.68,7.6,Cancelled,debit_card,2023-04-23,rating out of range (7.6)
BK011668,,user887@outlook.com,096723219,Azure Dubai Residences,Luxury Hotel,Singapore,2024-07-07,2024-07-17,24,$12177.79,7538.4,4.2,Cancelled,,01-08-2021,missing customer_name
BK008523,Joseph Rodriguez,joseph.rodriguez836 at gmail.com,00971562858272,Summit Barcelona Lodge,Hotel,UAE,2023-05-31,2023-06-05,23,14000.1,5773.1,7.2,Confirmed,credit_card,2023-03-15,rating out of range (7.2)
BK007171,,user313@yahoo.com,(+58) 890-068811,Azure Sydney Retreat,Budget Hotel,Australia,2022-08-01,2022-08-17,8,14470.08,3498.08,4.9,Cancelled,credit_card,2023-02-02,missing customer_name
BK004875,patricia lopez,patricia.lopez226@hotmail.com,(+21) 156-652753,Sunset New York Inn,HOTEL,UK,2022-06-23,2022-06-28,14,5189.6,1885.1,7.2,Cancelled,,2021-01-30,rating out of range (7.2)
BK011806,Margaret Thompson,margaret.thompson540@outlook.com,643535560,Summit Paris Spa & Resort,Budget Hotel,UK,2023-12-28,2023-12-30,-7,1925.76,2831.22,4.2,confirmed,credit_card,2021-06-07,invalid nights (-7)
BK000308,"THOMAS, JAMES",thomas.james260@gmail.com,+971-87-5130093,Oasis Mumbai Retreat,HOTEL,Japan,2024-09-18,2024-09-28,17,$13664.4,10203.5,7.6,pending,Bank Transfer,2022-02-28,rating out of range (7.6)
BK002190,Betty Smith,betty.smith204 at yahoo.com,,Silver Rome Resort,Hostel,Saudi Arabia,2022-03-04,2022-03-15,-17,$6572.53,16420.14,2.0,refunded,credit_card,2024-02-22,invalid nights (-17)
BK007779,,user633@hotmail.com,(+96) 261-027812,Golden New York Suites,hotel,US,2024-09-13,2024-10-11,5,"9946,2",22888.6,2.1,refunded,Bank Transfer,2021-05-13,missing customer_name
BK000135,Margaret Garcia,margaret.garcia497@hotmail.com,203928109,Azure Paris Villas,Hostel,Australia,2023-01-13,2023-01-28,7,"6651,65",20068.95,8.2,CANCELLED,CREDIT_CARD,2024-08-30,rating out of range (8.2)
BK008070,,user298@gmail.com,00971136765251,Royal Sydney Palace,HOTEL,Japan,2024-12-16,2025-01-09,11,4596.61,32693.76,3.0,confirmed,debit_card,2022-03-17,missing customer_name
BK010723,Mark Jones,,00971217704915,Silver Paris Lodge,Boutique Hotel,USA,2023-11-14,2023-11-27,-3,9023.77,20587.06,10.0,confirmed,,2023-02-09,invalid nights (-3); rating out of range (10.0)
BK002493,Matthew Gonzalez,matthew.gonzalez144@yahoo.com,(+54) 432-105642,Coral Singapore Villas,Apartment,US,2024-03-07,2024-03-17,13,3959.29,18673.9,6.6,CONFIRMED,Credit Card,2022-04-22,rating out of range (6.6)
BK008496,Michael Garcia,michael.garcia343@outlook.com,+971-61-8873930,Royal Mumbai Palace,Hostel,United States,08/09/2023,2023-09-13,28,3539.42,6759.5,5.4,CANCELLED,PayPal,2021-04-03,rating out of range (5.4)
BK000531,Ashley Smith,ashley.smith038 at outlook.com,+971-50-9023283,Oasis Tokyo Retreat,Hotel,Thailand,01-28-2022,2022-02-10,-4,704.84,2517.58,1.1,confirmed,,2022-06-22,invalid nights (-4)
BK007070,Joseph Garcia,joseph.garcia437@gmail.com,259063971,Azure Munich Lodge,Resort,Saudi Arabia,2022-04-09,2022-04-20,11,11008.27,4575.12,7.6,Cancelled,crypto,2022-09-09,rating out of range (7.6)
BK005568,christopher martin,christopher.martin474@outlook.com,00971033275786,Azure Mumbai Resort,Luxury Hotel,United Kingdom,2022-06-15,2022-07-15,-13,5228.3,18640.5,4.2,pending,Credit Card,2021-01-28,invalid nights (-13)
BK011613,"WILLIAMS, DANIEL",williams.daniel699@outlook.com,00971544851291,Grand New York Retreat,Apartment,United Kingdom,2023-08-24,2023-09-05,10,$9490.12,14645.16,6.6,CONFIRMED,Bank Transfer,2023-05-01,rating out of range (6.6)
BK010196,,user851@gmail.com,+971-50-5598159,Golden Tokyo Inn,Hostel,India,2023-12-31,2024-01-08,9,7762.19,1373.84,4.7,Confirmed,paypal,07/11/2023,missing customer_name
BK009308,,user815@yahoo.com,606714028,Oasis London Resort,Apartment,United Arab Emirates,2022-01-17,2022-01-18,3,10598.94,1648.55,3.9,cancelled,Credit Card,2023-03-21,missing customer_name
BK005140,,user113@mail.com,00971186975581,Royal New York Spa & Resort,HOTEL,US,10/02/2023,2023-02-11,6,3510.76,1204.07,1.4,CONFIRMED,bank_transfer,2023-01-16,missing customer_name
BK000088,Margaret Martinez,margaret.martinez874@hotmail.com,+971-93-4771498,Marina Munich Villas,hotel,Japan,2024-02-05,2024-02-07,-16,8320.73,3597.82,4.6,Confirmed,CREDIT_CARD,2021-08-01,invalid nights (-16)
BK007346,Karen Hernandez,karen.hernandez584@mail.com,+971-76-8075514,Sunset Munich Resort,Budget Hotel,UK,2024-01-27,2024-02-19,13,10356.68,2108.41,7.6,pending,credit_card,2021-12-31,rating out of range (7.6)
BK005338,nancy jones,nancy.jones854@yahoo.com,(+88) 521-726112,Summit Mumbai Villas,Hostel,United Kingdom,2024-09-07,2024-09-29,-23,9210.53,10434.38,4.7,confirmed,paypal,09/11/2021,invalid nights (-23)
BK002245,Betty Martinez,betty.martinez831@yahoo.com,+971-76-0212185,Desert London Retreat,Hostel,Italy,2022-12-06,2022-12-07,-17,14567.81,1616.84,3.2,Pending,Credit Card,12-31-2022,invalid nights (-17)
BK000774,,user903@mail.com,00971181120767,Silver London Retreat,Luxury Hotel,India,2024-11-26,2024-12-14,-30,3581.25,13194.18,4.8,pending,crypto,2022-09-01,missing customer_name; invalid nights (-30)
BK007687,Ashley Miller,ashley.miller957@hotmail.com,,Marina Dubai Suites,Luxury Hotel,KSA,2022-02-28,2022-03-20,24,1315.06,,9.8,refunded,credit_card,27/12/2021,rating out of range (9.8)
BK004817,,user593@hotmail.com,535135930,Summit Rome Retreat,Boutique Hotel,Thailand,2022-12-07,2022-12-22,24,626.8,6266.85,7.0,confirmed,crypto,30/04/2023,missing customer_name; rating out of range (7.0)
BK003286,Jennifer Williams,jennifer.williams588@yahoo.com,(+81) 143-339369,Grand New York Hotel,Apartment,Australia,22/05/2022,2022-06-10,-21,4719.93,30777.34,1.8,Confirmed,Bank Transfer,2024-12-01,invalid nights (-21)
BK006489,Sarah Rodriguez,sarah.rodriguez075@mail.com,893620199,Palm Paris Palace,Budget Hotel,FRANCE,2022-02-19,2022-03-03,-8,10435.09,12760.56,4.5,confirmed,paypal,2021-05-31,invalid nights (-8)
BK008336,Linda Williams,linda.williams739@hotmail.com,+971-39-2402991,Palm Dubai Palace,Villa,United Kingdom,2023-04-11,2023-05-09,-28,$1122.33,25085.2,4.1,Cancelled,credit_card,2021-07-29,invalid nights (-28)
BK005808,,user273@hotmail.com,00971443366767,Oasis Tokyo Resort,hotel,France,2022-10-20,2022-10-23,24,6145.42,4798.77,3.6,Confirmed,CREDIT_CARD,2024-01-24,missing customer_name
BK005744,,user355@hotmail.com,00971895461623,Desert Mumbai Suites,Boutique Hotel,UK,2024-07-02,2024-07-20,6,13461.05,6306.84,3.3,CANCELLED,CREDIT_CARD,2024-02-22,missing customer_name
BK002773,,user281@yahoo.com,00971516749927,Coral Dubai Lodge,Budget Hotel,france,2023-03-31,2023-04-09,27,3615.71,8347.14,2.7,CANCELLED,Bank Transfer,2023-04-07,missing customer_name
BK008692,Nancy Martinez,nancy.martinez378@mail.com,00971200671790,Grand Singapore Resort,Hostel,Japan,2024-07-29,2024-08-06,22,4929.63,2720.96,9.4,Cancelled,Bank Transfer,02/04/2023,rating out of range (9.4)
BK007397,,user700@hotmail.com,00971192036055,Sunset Munich Suites,Hotel,Singapore,2023-09-08,2023-10-02,27,$2662.79,43554.24,3.7,Cancelled,Credit Card,2023-11-05,missing customer_name
BK007500,,user572@hotmail.com,724579974,Coral Paris Suites,hotel,United Arab Emirates,03-17-2024,2024-04-07,23,8200.12,2580.69,4.3,refunded,CREDIT_CARD,2024-09-04,missing customer_name
BK009548,Susan Johnson,susan.johnson135@outlook.com,+971-31-9542606,Desert Sydney Resort,HOTEL,Japan,2024-04-03,2024-04-13,15,14754.45,2183.5,8.2,cancelled,,2022-12-25,rating out of range (8.2)
BK010382,Susan Jones,susan.jones918@yahoo.com,104784644,Oasis Mumbai Inn,Luxury Hotel,KSA,2023-12-13,2023-12-16,3,2666.12,4317.39,7.6,CONFIRMED,Credit Card,2023-12-08,rating out of range (7.6)
BK001185,"THOMAS, SARAH",thomas.sarah569@yahoo.com,(+49) 034-867994,Desert Mumbai Inn,Hotel,United Kingdom,23/09/2023,2023-10-04,-21,9122.92,16514.52,2.0,confirmed,crypto,2022-05-31,invalid nights (-21)
BK000049,Karen Gonzalez,karen.gonzalez655@yahoo.com,+971-29-7184780,Royal Dubai Spa & Resort,Luxury Hotel,Thailand,2023-04-02,2023-04-27,-28,6063.87,2358.25,3.0,cancelled,,2024-05-09,invalid nights (-28)
BK009521,,user111@hotmail.com,331961037,Royal Tokyo Villas,Budget Hotel,United Kingdom,2023-09-30,2023-10-01,7,3676.15,397.87,1.3,cancelled,credit_card,06-23-2022,missing customer_name
BK006615,,user435@gmail.com,+971-46-1902391,Golden Munich Retreat,Budget Hotel,US,2024-08-19,2024-09-06,6,10569.33,26052.48,1.9,refunded,credit_card,2022-07-03,missing customer_name
BK003715,Charles Williams,,(+24) 514-626010,Marina New York Residences,HOTEL,Germany,2024-12-01,2024-12-08,-12,1406.82,2298.66,3.4,CONFIRMED,credit_card,2021-07-27,invalid nights (-12)
BK005661,,user233@hotmail.com,312285931,Grand Rome Spa & Resort,HOTEL,KSA,2022-01-26,2022-02-15,14,3414.87,9664.6,1.9,cancelled,Bank Transfer,2021-02-18,missing customer_name
BK006259,,user838 at yahoo.com,00971056115283,Summit Mumbai Resort,Hostel,France,2023-01-17,2023-02-13,-20,14018.48,29197.26,3.6,CANCELLED,Bank Transfer,2023-09-25,missing customer_name; invalid nights (-20)
BK005511,,user244@mail.com,00971310196231,Golden Barcelona Inn,Resort,Australia,2022-08-27,2022-09-04,21,3666.58,10734.08,5.0,cancelled,PayPal,2023-07-31,missing customer_name
BK003276,Christopher Lopez,christopher.lopez285@yahoo.com,+971-42-0888837,Silver Tokyo Palace,Resort,UK,2023-06-13,2023-07-06,-17,$14560.9,25639.48,1.0,confirmed,paypal,2021-10-07,invalid nights (-17)
BK006214,Patricia Davis,patricia.davis309@mail.com,,Grand London Suites,Boutique Hotel,United Arab Emirates,2022-08-31,2022-09-30,-27,4324.76,50976.9,3.6,cancelled,crypto,2023-06-30,invalid nights (-27)
BK001200,Charles Davis,charles.davis932@yahoo.com,00971562067569,Golden London Hotel,HOTEL,uae,2022-11-18,2022-12-16,19,7250.29,15506.68,7.6,Cancelled,debit_card,2023-04-23,rating out of range (7.6)
BK002861,anthony gonzalez,anthony.gonzalez742@outlook.com,857203724,Palm London Hotel,Hostel,Spain,2023-08-03,2023-08-12,4,340.03,6920.91,9.0,cancelled,PayPal,2022-01-21,rating out of range (9.0)
BK005564,Barbara Johnson,barbara.johnson863@gmail.com,00971061201635,Golden Paris Retreat,Resort,India,2023-11-08,2023-11-19,1,929.24,10221.64,7.6,refunded,CREDIT_CARD,2024-03-13,rating out of range (7.6)
BK006265,Patricia Smith,patricia.smith531@outlook.com,809961526,Palm New York Inn,Villa,Spain,2023-05-03,2023-05-04,-17,14659.59,,1.9,Pending,credit_card,2021-01-16,invalid nights (-17)
BK000184,Michael Williams,michael.williams596@outlook.com,(+99) 894-966424,Summit London Retreat,Budget Hotel,France,2024-09-01,2024-09-16,1,498.76,18293.1,8.2,confirmed,debit_card,2022-02-10,rating out of range (8.2)
BK010962,Linda Jones,linda.jones513@gmail.com,+971-49-3639928,Palm Riyadh Palace,Budget Hotel,Germany,2023-10-11,2023-10-20,7,10209.27,3122.01,8.6,CANCELLED,paypal,2021-03-05,rating out of range (8.6)
BK006432,,user251@mail.com,+971-78-2164102,Palm Riyadh Suites,Hostel,UK,2022-12-12,2023-01-01,20,$5048.26,16884.4,4.2,cancelled,credit_card,2021-03-12,missing customer_name
BK009388,barbara miller,barbara.miller736@yahoo.com,00971864181548,Coral Tokyo Resort,Boutique Hotel,FRANCE,2023-04-26,2023-05-15,7,3770.05,33092.49,8.8,CANCELLED,crypto,2022-05-16,rating out of range (8.8)
BK008264,John Jackson,john.jackson460@outlook.com,+971-14-9895249,Azure Dubai Inn,Apartment,Italy,21/08/2022,2022-09-09,-15,2107.62,20993.48,4.2,Cancelled,Credit Card,2024-05-07,invalid nights (-15)
BK008872,Christopher Hernandez,,002160698,Oasis Dubai Residences,Resort,FRANCE,2024-07-01,2024-07-06,-18,14000.98,3862.7,4.5,CONFIRMED,CREDIT_CARD,2023-12-01,invalid nights (-18)
BK000349,Thomas Williams,thomas.williams660@mail.com,00971331449368,Sunset London Lodge,Villa,UK,08-06-2023,2023-08-21,-5,13133.37,18480.45,2.1,cancelled,,2022-05-05,invalid nights (-5)
BK008937,Jennifer Miller,jennifer.miller679@yahoo.com,+971-96-9447254,Oasis Paris Retreat,Boutique Hotel,India,2024-01-30,2024-02-08,-26,5771.85,11900.25,3.7,refunded,Bank Transfer,12/11/2023,invalid nights (-26)
BK006072,James Wilson,james.wilson683@yahoo.com,403287884,Azure Mumbai Suites,Villa,FRANCE,2023-10-05,2023-10-16,12,$5584.15,8093.58,7.4,Confirmed,Bank Transfer,2023-05-05,rating out of range (7.4)
BK005488,,user392@gmail.com,376244560,Silver London Suites,Budget Hotel,United Kingdom,2024-01-13,2024-01-19,28,3264.95,7142.34,1.9,CONFIRMED,Credit Card,2023-02-18,missing customer_name
BK005998,Mark Hernandez,mark.hernandez818@yahoo.com,+971-52-0651970,Silver Mumbai Villas,Luxury Hotel,United Arab Emirates,2023-06-09,2023-07-06,-23,8896.33,40187.07,2.2,pending,Credit Card,2024-01-25,invalid nights (-23)
BK011200,Karen Williams,karen.williams942@gmail.com,,Palm Mumbai Retreat,Luxury Hotel,USA,2022-10-30,2022-11-08,24,14120.72,7334.64,9.0,Pending,paypal,2022-11-20,rating out of range (9.0)
BK006275,James Thompson,james.thompson086@gmail.com,+971-72-9783114,Desert Munich Resort,Boutique Hotel,United States,01-19-2022,2022-01-31,20,6465.94,10001.4,6.4,confirmed,debit_card,2022-05-02,rating out of range (6.4)
BK003484,,user405@outlook.com,00971122519211,Oasis Singapore Suites,Luxury Hotel,United States,2022-08-22,2022-09-02,7,12575.06,15054.6,1.0,CANCELLED,credit_card,04/02/2024,missing customer_name
BK010457,,user355@mail.com,+971-69-7295217,Oasis Riyadh Villas,Boutique Hotel,FRANCE,2023-01-07,2023-01-11,27,10503.7,2717.28,1.3,pending,Bank Transfer,2022-03-10,missing customer_name
BK001444,Lisa White,lisa.white439@yahoo.com,,Coral Paris Resort,Luxury Hotel,UAE,2022-12-21,2022-12-24,-18,10423.35,3704.4,4.9,CONFIRMED,Bank Transfer,2024-04-01,invalid nights (-18)
BK007431,Linda Lopez,linda.lopez163@mail.com,269958808,Summit Mumbai Residences,Budget Hotel,USA,2024-12-16,2025-01-15,5,3307.52,16431.9,9.0,pending,debit_card,2023-10-16,rating out of range (9.0)
BK006177,,user163@yahoo.com,432716545,Grand New York Spa & Resort,Villa,UK,2023-05-29,2023-06-19,14,932.16,39040.89,1.7,confirmed,Credit Card,2021-07-21,missing customer_name
BK002034,Thomas Johnson,thomas.johnson798@yahoo.com,+971-46-1663380,Royal Singapore Inn,Villa,Italy,2022-09-27,2022-10-16,20,7322.58,,5.8,refunded,,2021-01-14,rating out of range (5.8)
BK002670,Ashley Martin,ashley.martin706@outlook.com,907094386,Sunset Paris Hotel,Hostel,FRANCE,2023-12-18,2023-12-22,29,12770.83,5841.28,6.2,Cancelled,debit_card,2023-02-27,rating out of range (6.2)
BK011473,,,997952246,Silver Tokyo Palace,hotel,Japan,2022-07-13,2022-07-26,11,1972.24,3930.55,1.7,pending,Bank Transfer,2022-11-07,missing customer_name
BK000025,Robert Johnson,robert.johnson146@mail.com,(+31) 140-449034,Royal Singapore Lodge,Boutique Hotel,United Arab Emirates,2023-09-16,2023-09-20,7,$12371.66,958.08,9.8,cancelled,debit_card,2021-09-15,rating out of range (9.8)
BK006609,"MARTIN, WILLIAM",martin.william261@hotmail.com,(+51) 649-140605,Silver Dubai Palace,HOTEL,USA,2023-04-04,2023-04-09,6,13495.54,7891.15,7.4,cancelled,Credit Card,2023-10-10,rating out of range (7.4)
BK009452,Barbara Gonzalez,barbara.gonzalez772@yahoo.com,+971-95-3102518,Oasis Munich Palace,HOTEL,UK,2022-05-12,2022-05-19,26,"10618,29",13747.44,5.2,Confirmed,crypto,2022-06-25,rating out of range (5.2)
BK005354,Sarah Anderson,sarah.anderson679@outlook.com,617146368,Summit Dubai Hotel,hotel,US,2024-12-11,2024-12-21,20,2744.32,2281.2,9.8,Confirmed,paypal,2022-11-27,rating out of range (9.8)
BK006921,"MOORE, THOMAS",moore.thomas718@outlook.com,00971924507122,Palm Singapore Hotel,Budget Hotel,Thailand,2023-12-08,2024-01-06,19,5165.38,56875.09,9.8,Confirmed,crypto,2022-07-20,rating out of range (9.8)
BK003992,Susan Wilson,susan.wilson823@gmail.com,397397890,Azure Riyadh Suites,Budget Hotel,India,2023-01-13,2023-02-09,25,4002.38,15563.61,6.2,cancelled,credit_card,2024-01-10,rating out of range (6.2)
BK001974,Anthony Garcia,anthony.garcia135@yahoo.com,(+1) 752-833001,Marina New York Suites,Resort,India,2022-12-08,2022-12-19,2,7399.23,20135.17,7.0,Cancelled,PayPal,2024-08-25,rating out of range (7.0)
BK002683,Barbara Rodriguez,barbara.rodriguez690@yahoo.com,250363659,Oasis Rome Suites,HOTEL,KSA,2023-07-25,2023-08-17,-15,"2813,8",34953.1,7.4,confirmed,,2024-08-25,invalid nights (-15); rating out of range (7.4)
BK004657,,user796@mail.com,+971-29-9967814,Azure Dubai Lodge,HOTEL,USA,2023-11-12,2023-12-01,17,8085.98,10501.11,2.8,refunded,,2023-07-19,missing customer_name
BK011288,Margaret Williams,margaret.williams257@mail.com,00971637691723,Grand Rome Suites,Villa,UAE,2022-06-01,2022-06-02,-27,14277.25,1050.52,2.9,Cancelled,credit_card,01-25-2023,invalid nights (-27)
BK000662,Daniel Anderson,daniel.anderson338@mail.com,00971831978256,Silver Dubai Spa & Resort,Villa,Italy,2023-06-13,2023-07-04,-21,4430.52,13569.15,,confirmed,,11/08/2022,invalid nights (-21)
BK001167,James Taylor,james.taylor001@yahoo.com,+971-75-2963809,Summit Barcelona Retreat,Villa,Italy,2023-05-15,2023-05-17,-4,6974.87,125.24,,CONFIRMED,PayPal,2024-06-11,invalid nights (-4)
BK001898,Susan Lee,susan.lee953@mail.com,(+41) 785-865517,Grand Munich Suites,Resort,United Kingdom,2022-10-14,2022-10-23,-27,12491.18,13805.82,4.7,CONFIRMED,CREDIT_CARD,2021-12-28,invalid nights (-27)
BK005861,Christopher Perez,christopher.perez031@mail.com,(+68) 588-350980,Azure Riyadh Hotel,Villa,Spain,2023-07-27,2023-08-08,8,7313.08,5470.2,7.0,CONFIRMED,Bank Transfer,2023-07-23,rating out of range (7.0)
BK001159,robert moore,robert.moore343@gmail.com,032014061,Azure New York Lodge,Boutique Hotel,uae,2022-07-04,2022-07-23,-2,6194.48,18123.15,4.7,pending,crypto,2022-07-08,invalid nights (-2)
BK002931,karen davis,karen.davis023@outlook.com,00971128982277,Summit Barcelona Spa & Resort,Hostel,Italy,2023-02-28,2023-03-22,-22,7133.35,25018.62,2.1,Cancelled,PayPal,2021-02-22,invalid nights (-22)
BK000915,"BROWN, JAMES",brown.james402@mail.com,938727223,Sunset Riyadh Spa & Resort,Villa,france,2024-05-11,2024-05-27,19,11908.55,25876.0,7.0,confirmed,CREDIT_CARD,2022-03-24,rating out of range (7.0)
BK005589,,user337@hotmail.com,+971-81-5937904,Azure Paris Villas,Apartment,uae,2022-02-25,2022-03-10,12,7853.14,20879.3,1.8,cancelled,debit_card,2023-02-13,missing customer_name
BK008914,David Rodriguez,david.rodriguez340@gmail.com,+971-88-0571372,Oasis London Lodge,Hotel,Singapore,2023-01-23,2023-02-09,-4,3975.65,20254.99,3.3,CONFIRMED,debit_card,04-27-2023,invalid nights (-4)
BK001079,Susan Garcia,susan.garcia046@outlook.com,+971-49-2460577,Royal Tokyo Inn,Apartment,Japan,2024-04-02,2024-04-17,12,14139.55,8990.4,7.2,Pending,,2021-05-23,rating out of range (7.2)
BK002271,Mark Jackson,mark.jackson573@mail.com,+971-89-0019523,Marina Paris Palace,hotel,Australia,2024-05-21,2024-05-23,30,14956.53,280.38,6.4,CONFIRMED,debit_card,2022-01-15,rating out of range (6.4)
BK010821,Matthew Lopez,matthew.lopez860@gmail.com,(+5) 713-205375,Palm Rome Hotel,Hostel,FRANCE,2023-04-26,2023-04-30,-19,13073.91,5909.08,3.8,CANCELLED,crypto,06-06-2022,invalid nights (-19)
BK002016,,user198@yahoo.com,00971840962699,Coral Dubai Palace,Budget Hotel,Spain,2022-07-20,2022-08-08,8,2474.1,23387.48,3.6,CANCELLED,debit_card,2022-11-14,missing customer_name
BK009453,,user661@gmail.com,852509633,Royal Dubai Resort,Apartment,Singapore,2023-11-14,2023-11-29,24,8093.93,5553.6,3.5,pending,PayPal,2021-05-07,missing customer_name
BK003972,"GONZALEZ, BARBARA",gonzalez.barbara820@mail.com,413649482,Azure Rome Resort,Hotel,uae,2022-12-05,2022-12-22,17,11120.76,2062.61,6.4,Cancelled,paypal,22/08/2023,rating out of range (6.4)
BK010808,,user630@gmail.com,+971-48-8953268,Oasis Riyadh Inn,Villa,Italy,2024-06-04,2024-06-30,28,3289.94,6520.02,2.1,cancelled,bank_transfer,2023-01-17,missing customer_name
BK008442,,user999@hotmail.com,(+93) 785-543008,Azure London Inn,Hotel,Singapore,2022-09-29,2022-10-27,28,9672.39,12301.24,4.1,CONFIRMED,Credit Card,2023-09-04,missing customer_name
BK000379,,user999@mail.com,(+17) 723-550122,Palm London Inn,Boutique Hotel,US,2022-07-08,2022-07-24,18,3113.51,23419.68,1.7,pending,bank_transfer,2022-05-03,missing customer_name
BK008904,"WILSON, KAREN",wilson.karen833@outlook.com,(+42) 246-887429,Silver Rome Resort,Luxury Hotel,France,2024-09-29,2024-10-17,-4,12894.52,29284.02,4.7,refunded,CREDIT_CARD,2024-05-10,invalid nights (-4)
BK011200,KAREN WILLIAMS,karen.williams942@gmail.com,,Palm Mumbai Retreat,Luxury Hotel,USA,2022-10-30,2022-11-08,24,14120.72,7334.64,9.0,Pending,paypal,2022-11-20,rating out of range (9.0)
BK008974,Nancy Johnson,nancy.johnson680@hotmail.com,927574586,Royal Tokyo Villas,Apartment,Japan,05-05-2023,2023-05-10,21,9365.76,5375.8,6.4,CANCELLED,bank_transfer,2022-04-04,rating out of range (6.4)
BK000214,"LEE, JESSICA",lee.jessica281 at gmail.com,00971249119330,Palm Mumbai Lodge,Boutique Hotel,India,2022-08-14,2022-08-23,12,$8785.69,16999.65,6.8,pending,debit_card,2024-12-14,rating out of range (6.8)
BK006487,,user620@hotmail.com,(+79) 870-401117,Grand Dubai Villas,Boutique Hotel,france,2022-03-01,2022-03-12,6,12693.66,18402.78,,pending,bank_transfer,2021-04-06,missing customer_name
BK007624,Christopher Moore,christopher.moore334@outlook.com,00971874483798,Palm Paris Palace,Budget Hotel,France,2022-09-06,2022-09-30,-21,6164.6,24113.04,1.3,pending,debit_card,03/03/2021,invalid nights (-21)
BK008785,Daniel Smith,daniel.smith269@hotmail.com,(+97) 421-021027,Golden Barcelona Villas,Villa,uae,2022-05-31,2022-06-27,25,4842.65,4115.61,9.0,refunded,debit_card,2024-03-14,rating out of range (9.0)
BK007107,,user222@outlook.com,00971090703287,Sunset Munich Residences,Resort,Germany,2024-08-07,2024-08-31,9,2927.14,28787.28,4.1,CONFIRMED,Bank Transfer,2021-01-29,missing customer_name
BK004444,jessica taylor,jessica.taylor879@gmail.com,00971843598550,Palm London Hotel,Hotel,UK,2022-07-08,2022-07-23,-5,$12706.08,8201.55,2.5,CONFIRMED,credit_card,2024-10-30,invalid nights (-5)
BK003008,Jessica Gonzalez,jessica.gonzalez665@outlook.com,+971-53-4260457,Royal Paris Retreat,Resort,FRANCE,2024-05-17,2024-05-21,16,1353.87,1469.12,6.8,Pending,bank_transfer,03-11-2021,rating out of range (6.8)
BK008177,robert jackson,robert.jackson978@yahoo.com,+971-67-4445095,Summit Rome Spa & Resort,Villa,Thailand,2022-01-02,2022-01-03,18,442.12,525.79,8.4,CANCELLED,bank_transfer,23/05/2022,rating out of range (8.4)
BK002348,"JOHNSON, CHRISTOPHER",johnson.christopher739@gmail.com,00971980473587,Sunset New York Suites,Hotel,France,2024-01-31,2024-02-17,-3,13614.39,11216.6,4.7,CANCELLED,PayPal,2021-08-30,invalid nights (-3)
BK004640,Patricia Williams,patricia.williams652@mail.com,509675838,Grand Dubai Suites,Hostel,US,2022-12-29,2023-01-04,5,11241.1,7621.44,8.6,Pending,PayPal,20/02/2021,rating out of range (8.6)
BK002880,Sarah Anderson,sarah.anderson634@gmail.com,(+76) 163-518230,Golden New York Lodge,HOTEL,UAE,2023-07-03,2023-07-29,-20,2399.61,26525.46,4.0,pending,PayPal,2022-11-12,invalid nights (-20)
BK002112,Daniel Jackson,daniel.jackson010@yahoo.com,00971009201373,Oasis Tokyo Residences,Hostel,Thailand,02/12/2024,2024-12-20,7,14852.42,12072.78,5.8,Pending,Credit Card,12/07/2021,rating out of range (5.8)
BK004468,"MARTIN, LINDA",martin.linda665 at gmail.com,00971590688159,Azure Tokyo Lodge,hotel,Thailand,2024-04-10,2024-05-09,17,8428.04,26611.85,8.6,Pending,credit_card,2024-10-04,rating out of range (8.6)
BK003200,JOHN THOMAS,john.thomas629@yahoo.com,+971-19-1731867,Oasis Munich Inn,Budget Hotel,KSA,2022-04-09,2022-05-09,22,$3234.36,10115.4,5.8,Confirmed,Bank Transfer,2021-01-31,rating out of range (5.8)
BK000597,"LEE, LINDA",lee.linda160@mail.com,417066112,Silver Paris Suites,HOTEL,UAE,2022-10-17,2022-10-18,-29,7502.2,290.81,4.6,Cancelled,CREDIT_CARD,2022-06-16,invalid nights (-29)
BK007891,,user524@gmail.com,556989103,Summit Sydney Palace,HOTEL,Japan,2024-10-06,2024-10-28,25,1573.35,43126.16,,cancelled,Credit Card,2021-05-05,missing customer_name
BK001628,Linda Martinez,linda.martinez136@outlook.com,591902364,Summit Dubai Palace,Apartment,Thailand,2024-08-07,2024-08-22,-26,13865.0,25163.55,4.8,CONFIRMED,paypal,2024-09-14,invalid nights (-26)
BK004200,ROBERT MARTIN,robert.martin434@hotmail.com,(+59) 578-799417,Sunset Riyadh Retreat,Hotel,KSA,2022-06-02,2022-06-08,4,10468.76,3186.6,9.8,Confirmed,crypto,2023-11-27,rating out of range (9.8)
BK002520,,user041@hotmail.com,00971227723167,Marina Tokyo Retreat,Budget Hotel,Australia,2022-12-11,2022-12-18,18,5273.6,11981.55,2.7,Pending,PayPal,2021-04-01,missing customer_name
BK010459,,user696@hotmail.com,00971158583522,Silver Munich Suites,Apartment,Italy,2023-05-09,2023-05-23,14,"12051,75",23302.16,3.8,Confirmed,bank_transfer,10/12/2021,missing customer_name
BK007597,,user885 at yahoo.com,618483296,Golden London Lodge,Apartment,FRANCE,2023-09-07,2023-09-12,29,12619.44,3184.8,,cancelled,paypal,2022-08-18,missing customer_name
BK001287,,user517@hotmail.com,+971-35-8478258,Marina Riyadh Retreat,Budget Hotel,Germany,2022-02-13,2022-03-15,5,2766.95,39225.0,2.9,confirmed,bank_transfer,2022-12-12,missing customer_name
BK009800,,user230@yahoo.com,355973191,Golden Singapore Villas,Apartment,USA,2022-09-25,2022-10-17,15,7279.94,16239.96,1.4,CANCELLED,Bank Transfer,2021-05-11,missing customer_name
BK011522,Michael Smith,michael.smith931@mail.com,301212337,Marina Tokyo Resort,Boutique Hotel,United Kingdom,2023-12-31,2024-01-29,-22,8000.28,16420.09,4.1,Cancelled,CREDIT_CARD,2023-01-08,invalid nights (-22)
BK004653,William Jackson,william.jackson186@mail.com,+971-07-5798159,Sunset Riyadh Hotel,Apartment,United Kingdom,2023-12-17,2023-12-30,14,8680.08,1856.79,9.4,confirmed,crypto,2022-01-01,rating out of range (9.4)
BK009375,patricia lee,patricia.lee625@outlook.com,+971-37-1551004,Coral Munich Resort,Resort,United States,2023-05-18,2023-05-20,21,4099.14,2872.7,7.8,cancelled,Bank Transfer,2022-10-12,rating out of range (7.8)
BK002518,Susan Lee,,(+90) 173-836158,Oasis Barcelona Hotel,hotel,KSA,2024-07-05,2024-08-04,-28,801.25,24037.5,4.4,CANCELLED,crypto,21/02/2024,invalid nights (-28)
BK002913,Nancy Lee,nancy.lee999 at hotmail.com,+971-82-9938854,Marina Tokyo Spa & Resort,Hostel,Saudi Arabia,2022-02-18,2022-03-15,25,13106.51,4775.75,8.8,Confirmed,Credit Card,2024-11-25,rating out of range (8.8)
BK004322,william thomas,william.thomas088@outlook.com,091893342,Marina Sydney Residences,Hotel,Spain,2022-11-01,2022-11-24,-17,5699.27,17635.02,3.9,confirmed,crypto,2024-05-18,invalid nights (-17)
BK005509,Anthony Martinez,anthony.martinez155@mail.com,+971-37-3958537,Grand London Retreat,Hostel,India,2022-04-29,2022-05-13,1,$14946.16,22078.42,5.2,confirmed,credit_card,2022-10-11,rating out of range (5.2)
BK010434,Thomas Thomas,thomas.thomas943@gmail.com,044374107,Oasis Singapore Lodge,Villa,India,2023-10-26,2023-10-31,17,10981.32,9819.05,8.2,refunded,crypto,2024-11-14,rating out of range (8.2)
BK010160,Margaret Brown,margaret.brown879@yahoo.com,+971-06-1797405,Marina Paris Spa & Resort,Luxury Hotel,france,2023-07-01,2023-07-17,3,6361.02,31086.08,9.8,pending,Bank Transfer,2023-01-15,rating out of range (9.8)
BK004915,"JONES, MARK",jones.mark222 at hotmail.com,+971-12-1271640,Sunset London Retreat,HOTEL,KSA,2024-04-03,2024-05-02,2,1312.0,30421.29,9.2,confirmed,bank_transfer,2022-08-14,rating out of range (9.2)
BK010678,,user063@mail.com,604102553,Golden Dubai Residences,Budget Hotel,France,2023-04-18,2023-04-25,28,14284.41,10071.6,1.4,Confirmed,Credit Card,2023-06-16,missing customer_name
BK004971,,user706 at yahoo.com,+971-41-7526003,Grand Rome Palace,Apartment,UAE,2022-04-28,2022-05-28,19,10038.44,35601.9,2.4,refunded,crypto,09-23-2024,missing customer_name
BK002723,christopher anderson,christopher.anderson402@yahoo.com,002205906,Grand Sydney Retreat,Luxury Hotel,UAE,2022-07-15,2022-08-01,26,9696.27,8940.47,7.0,refunded,credit_card,2021-11-02,rating out of range (7.0)
BK002134,Nancy Lopez,nancy.lopez377@hotmail.com,+971-24-1540359,Azure Singapore Residences,Boutique Hotel,USA,2024-02-15,2024-02-22,19,$7691.62,9620.52,8.4,CONFIRMED,CREDIT_CARD,2021-09-19,rating out of range (8.4)
BK008887,,user338@gmail.com,142957140,Grand Dubai Palace,hotel,UK,2024-03-17,2024-03-31,17,$10813.1,16937.48,3.7,pending,CREDIT_CARD,07-01-2023,missing customer_name
BK001360,Lisa Brown,lisa.brown755@yahoo.com,,Marina Munich Resort,Budget Hotel,Singapore,2022-08-21,2022-08-23,-24,11001.99,545.92,4.3,Cancelled,debit_card,25/12/2021,invalid nights (-24)
BK001725,Christopher Johnson,christopher.johnson299@hotmail.com,00971044569015,Coral Tokyo Palace,Boutique Hotel,United States,2023-10-03,2023-11-02,-29,9692.39,45341.7,1.1,Pending,PayPal,2021-03-03,invalid nights (-29)
BK004820,Linda Hernandez,linda.hernandez874@hotmail.com,+971-30-0641777,Azure Rome Resort,Resort,United States,2022-11-19,2022-12-05,14,14702.93,5376.32,6.0,cancelled,PayPal,2023-11-10,rating out of range (6.0)
BK007259,Patricia Wilson,patricia.wilson986@hotmail.com,+971-43-8687193,Desert Sydney Lodge,Apartment,Saudi Arabia,2023-03-21,2023-03-29,-6,8139.52,13667.84,4.0,Pending,Credit Card,04-01-2022,invalid nights (-6)
BK002693,Thomas Thomas,thomas.thomas228@gmail.com,669361432,Grand Rome Palace,Apartment,India,2023-07-21,2023-07-28,7,972.8,2378.95,8.4,Cancelled,crypto,2022-09-26,rating out of range (8.4)
BK003794,Robert Wilson,robert.wilson583 at yahoo.com,999348743,Sunset London Retreat,Hotel,FRANCE,2022-05-26,2022-06-19,-3,7900.81,34344.72,1.5,Confirmed,paypal,25/02/2022,invalid nights (-3)
BK009136,Anthony Moore,anthony.moore307 at hotmail.com,(+59) 936-391332,Marina Paris Spa & Resort,Budget Hotel,United Arab Emirates,2022-11-27,2022-12-26,11,13599.75,23795.37,5.2,pending,PayPal,2022-10-01,rating out of range (5.2)
BK003538,Mary Wilson,mary.wilson891@hotmail.com,(+84) 688-263711,Silver Tokyo Suites,Apartment,United Kingdom,2023-12-26,2024-01-12,-16,$5816.66,25572.25,4.8,refunded,credit_card,2021-07-04,invalid nights (-16)
BK000905,,user748@hotmail.com,(+65) 772-366553,Marina Dubai Villas,Budget Hotel,India,2024-02-15,2024-02-23,24,2705.99,9486.0,4.9,Cancelled,Credit Card,2023-05-10,missing customer_name
BK005534,Susan Martinez,susan.martinez232@gmail.com,723821188,Oasis Rome Palace,Hotel,uae,2022-11-06,2022-11-14,-28,1326.17,6862.24,2.2,refunded,Credit Card,2022-12-14,invalid nights (-28)
BK006732,Barbara White,barbara.white921@yahoo.com,+971-54-0411939,Coral London Inn,hotel,KSA,2024-02-29,2024-03-11,-8,$11797.96,5613.08,4.9,CONFIRMED,credit_card,31/08/2022,invalid nights (-8)
BK006136,john taylor,john.taylor917@outlook.com,+971-51-9711763,Coral Munich Residences,Resort,Saudi Arabia,2022-12-06,2022-12-21,3,5989.13,19664.85,7.2,refunded,Credit Card,2023-01-02,rating out of range (7.2)
BK002813,Margaret Davis,margaret.davis081@mail.com,345283172,Royal London Residences,Resort,US,2022-09-02,2022-09-04,2,4237.31,1203.46,9.6,CONFIRMED,CREDIT_CARD,2023-05-30,rating out of range (9.6)
BK007090,Richard Davis,richard.davis802@outlook.com,(+47) 329-669558,Golden Singapore Palace,Hostel,Singapore,09-11-2022,2022-10-04,2,9673.34,25917.09,7.8,Cancelled,CREDIT_CARD,2023-11-06,rating out of range (7.8)
BK007082,Patricia Jones,patricia.jones271@hotmail.com,669495302,Summit Munich Retreat,HOTEL,Singapore,29/10/2023,2023-11-18,-23,11771.03,22062.0,2.8,confirmed,credit_card,2021-11-11,invalid nights (-23)
BK002916,"MARTINEZ, SUSAN",martinez.susan281@yahoo.com,00971747741800,Marina Dubai Retreat,hotel,Singapore,2024-06-21,2024-07-02,9,5253.13,7246.36,9.0,Pending,PayPal,05/04/2023,rating out of range (9.0)
BK000001,James White,james.white040@yahoo.com,(+55) 577-442871,Sunset London Inn,Boutique Hotel,Saudi Arabia,04-03-2023,2023-04-07,4,$4004.59,5478.24,9.4,Pending,,2023-01-11,rating out of range (9.4)
BK004498,"WILLIAMS, SARAH",williams.sarah008@outlook.com,187331559,Grand Munich Hotel,Hotel,Thailand,2024-05-08,2024-05-29,3,2991.02,12407.85,5.8,Pending,Credit Card,2024-02-09,rating out of range (5.8)
BK004341,,user588@mail.com,+971-49-2798178,Summit Mumbai Palace,Boutique Hotel,uae,2022-02-13,2022-03-07,27,691.17,26804.36,2.9,Cancelled,bank_transfer,2022-08-12,missing customer_name
BK009175,,user902 at hotmail.com,639526352,Marina Singapore Resort,Boutique Hotel,Germany,2023-08-16,2023-09-01,24,10530.3,20320.8,2.2,CONFIRMED,Bank Transfer,2024-09-20,missing customer_name
BK004708,William Williams,william.williams363@hotmail.com,00971939014639,Sunset Tokyo Hotel,Resort,Germany,2024-10-28,2024-11-04,-10,189.27,1324.89,8.8,pending,,2022-06-05,invalid nights (-10); rating out of range (8.8)
BK002886,Linda Moore,linda.moore498@mail.com,(+58) 476-452677,Summit New York Villas,Hostel,FRANCE,12-23-2023,2023-12-30,4,12650.8,7208.95,6.8,CANCELLED,credit_card,2023-03-01,rating out of range (6.8)
BK006251,,user098@gmail.com,00971098600633,Palm Singapore Retreat,Boutique Hotel,Australia,2023-08-22,2023-08-23,30,12276.71,1366.23,3.0,Confirmed,Bank Transfer,2023-11-27,missing customer_name
BK008184,Lisa Martin,lisa.martin292@hotmail.com,(+81) 763-205216,Royal Dubai Resort,Apartment,Italy,20/06/2022,2022-07-19,-9,10686.68,39153.19,,Pending,,2022-03-12,invalid nights (-9)
BK008913,Charles Thomas,charles.thomas911@mail.com,355290402,Silver New York Hotel,Luxury Hotel,United Arab Emirates,2024-03-19,2024-04-07,-25,13404.92,29381.6,1.7,CONFIRMED,Credit Card,28/03/2021,invalid nights (-25)
BK007336,,user582@outlook.com,+971-58-3444999,Silver Munich Resort,HOTEL,Australia,2024-05-26,2024-06-12,-24,$8636.12,20736.43,2.6,Confirmed,,2022-01-19,missing customer_name; invalid nights (-24)
BK004546,"WILSON, MARY",wilson.mary757@hotmail.com,+971-73-7256345,Marina Tokyo Inn,Boutique Hotel,France,2023-08-04,2023-08-23,-29,$5516.64,31309.72,2.1,pending,Credit Card,2022-05-11,invalid nights (-29)
BK000645,"JONES, JOSEPH",jones.joseph311 at gmail.com,693436489,Summit Riyadh Spa & Resort,Luxury Hotel,uae,2023-03-16,2023-03-19,9,1935.73,5807.19,9.2,confirmed,Bank Transfer,2024-10-11,rating out of range (9.2)
BK011376,Anthony Thomas,anthony.thomas849@yahoo.com,+971-25-5362581,Marina Dubai Spa & Resort,Villa,United Arab Emirates,08/04/2023,2023-04-10,-9,"1102,0",3823.12,4.5,confirmed,debit_card,2024-02-10,invalid nights (-9)
BK008825,Patricia Thompson,patricia.thompson558@outlook.com,(+40) 123-833378,Silver Barcelona Suites,Boutique Hotel,UK,2024-10-04,2024-10-08,5,91.43,365.72,5.8,Cancelled,,2024-07-24,rating out of range (5.8)
BK006143,,user385@outlook.com,00971210315544,Desert Tokyo Resort,Hotel,United Arab Emirates,2022-08-18,2022-08-20,11,$8744.62,3201.56,1.3,cancelled,credit_card,2022-12-03,missing customer_name
BK000839,Nancy Lee,nancy.lee822@gmail.com,+971-26-8551514,Azure New York Suites,Luxury Hotel,Thailand,08/01/2024,2024-01-22,8,$12115.44,17669.26,9.4,Cancelled,debit_card,2021-07-16,rating out of range (9.4)
BK010133,,user798@gmail.com,+971-17-5957488,Marina Tokyo Spa & Resort,Apartment,Italy,2023-11-08,2023-11-28,17,10986.17,36641.6,4.2,Pending,debit_card,2021-10-08,missing customer_name
BK001900,Sandra Jackson,sandra.jackson816@gmail.com,,Silver Singapore Residences,Hotel,United Kingdom,21/01/2023,2023-02-20,-9,13172.84,30725.7,3.8,CONFIRMED,paypal,2024-05-25,invalid nights (-9)
BK005524,,user914@outlook.com,+971-33-5261629,Royal Riyadh Residences,Apartment,UAE,2022-05-28,2022-06-19,30,2565.38,31959.84,4.1,Cancelled,CREDIT_CARD,2023-09-20,missing customer_name
BK008323,,,987465034,Desert Rome Resort,Resort,France,2022-05-28,2022-06-14,3,3370.03,7660.88,4.8,Cancelled,paypal,2023-12-18,missing customer_name
BK011721,Mary Jackson,mary.jackson509@mail.com,234397990,Marina Barcelona Retreat,hotel,UK,04-02-2022,2022-04-22,-19,3088.93,5427.4,3.9,CONFIRMED,Credit Card,2022-07-27,invalid nights (-19)
BK001862,,user386@gmail.com,+971-64-1651561,Golden Rome Resort,Hotel,Saudi Arabia,2024-09-02,2024-09-03,30,9092.62,1308.53,7.0,CONFIRMED,Bank Transfer,2023-10-01,missing customer_name; rating out of range (7.0)
BK001502,John Williams,john.williams297@hotmail.com,947560044,Marina Riyadh Palace,Apartment,FRANCE,2023-05-20,2023-06-05,-11,"2547,77",17972.96,2.3,Confirmed,crypto,2022-05-19,invalid nights (-11)
BK007327,,user911@yahoo.com,(+34) 151-917751,Royal Barcelona Retreat,HOTEL,Spain,2022-08-31,2022-09-03,24,651.75,,4.1,refunded,PayPal,2023-03-20,missing customer_name
BK006703,Sarah Garcia,sarah.garcia923@mail.com,+971-60-8752019,Desert New York Resort,hotel,Japan,2024-04-08,2024-04-28,-20,14389.52,37641.2,9.0,refunded,Credit Card,2022-05-31,invalid nights (-20); rating out of range (9.0)
BK001200,CHARLES DAVIS,charles.davis932@yahoo.com,00971562067569,Golden London Hotel,HOTEL,uae,2022-11-18,2022-12-16,19,7250.29,15506.68,7.6,Cancelled,debit_card,2023-04-23,rating out of range (7.6)
BK009418,daniel brown,daniel.brown532@mail.com,+971-36-6174323,Grand New York Villas,Villa,United Kingdom,11-29-2023,2023-12-17,-26,10387.9,5700.78,1.3,Confirmed,Bank Transfer,2022-04-21,invalid nights (-26)
BK011539,"MARTIN, CHRISTOPHER",,00971511347134,Silver Dubai Spa & Resort,Boutique Hotel,Saudi Arabia,2024-11-10,2024-12-02,-21,2115.49,4096.62,4.9,Confirmed,debit_card,2023-02-03,invalid nights (-21)
BK011091,Mark Martinez,mark.martinez436@yahoo.com,972164354,Silver Tokyo Inn,Budget Hotel,uae,2024-03-13,2024-04-05,-5,4500.96,31256.08,4.9,pending,crypto,2022-05-06,invalid nights (-5)
BK001672,,,00971332544187,Coral Tokyo Villas,Apartment,FRANCE,2022-02-18,2022-03-02,-8,5314.74,4184.76,,CANCELLED,bank_transfer,2022-04-15,missing customer_name; invalid nights (-8)
BK011636,Matthew Hernandez,matthew.hernandez016@gmail.com,731119327,Oasis Rome Hotel,Villa,uae,02/12/2023,2023-12-24,15,6270.77,36542.88,5.8,Pending,,2023-09-10,rating out of range (5.8)
BK007956,Daniel Brown,daniel.brown154@mail.com,00971367044309,Oasis Tokyo Palace,Hostel,United Arab Emirates,2023-11-12,2023-11-29,17,2211.75,7640.48,9.4,cancelled,debit_card,2021-03-08,rating out of range (9.4)
BK011829,,user793 at mail.com,00971958152199,Desert Munich Resort,Luxury Hotel,france,2022-12-22,2023-01-11,26,9327.53,11564.2,2.8,Cancelled,crypto,04-24-2024,missing customer_name
BK005368,Patricia Moore,patricia.moore111@hotmail.com,00971089811414,Coral Tokyo Spa & Resort,Hostel,Japan,03/01/2024,2024-01-23,20,9396.55,32623.0,6.2,pending,Credit Card,2022-05-07,rating out of range (6.2)
BK000725,Patricia Brown,patricia.brown637@hotmail.com,299139379,Marina Tokyo Resort,Hotel,france,2022-03-05,2022-04-03,26,4755.68,22659.15,5.4,confirmed,Credit Card,2021-07-09,rating out of range (5.4)
BK004122,Matthew Wilson,matthew.wilson593@outlook.com,(+2) 123-932832,Desert New York Inn,hotel,UAE,2023-08-21,2023-08-24,13,8836.46,4780.47,9.0,refunded,Credit Card,2022-01-18,rating out of range (9.0)
BK009637,Joseph Garcia,joseph.garcia620@yahoo.com,(+9) 865-082718,Oasis Munich Lodge,Villa,Saudi Arabia,2024-11-12,2024-11-17,-29,9258.21,9667.45,4.5,confirmed,Credit Card,2023-01-12,invalid nights (-29)
BK007229,Margaret Williams,margaret.williams754@mail.com,854576555,Summit Riyadh Retreat,Apartment,Germany,2022-01-01,2022-01-27,-14,5588.44,12068.94,1.0,Pending,Bank Transfer,2024-07-18,invalid nights (-14)
BK003736,jessica martinez,jessica.martinez898@gmail.com,00971142535426,Sunset Singapore Inn,Boutique Hotel,Spain,2023-07-04,2023-07-23,-28,6046.77,8377.1,1.9,pending,crypto,2024-03-01,invalid nights (-28)
BK004979,,user993@mail.com,00971591315577,Golden Tokyo Hotel,Luxury Hotel,Japan,2024-06-06,2024-07-05,8,1002.7,29078.3,1.2,CANCELLED,bank_transfer,2022-06-03,missing customer_name
BK001952,Richard Martinez,richard.martinez100 at gmail.com,00971623690096,Azure Rome Residences,Resort,France,2022-08-25,2022-09-19,5,$11189.28,5183.5,9.6,pending,paypal,2021-09-30,rating out of range (9.6)
BK003635,,user209@outlook.com,(+3) 138-331795,Palm Mumbai Villas,Hotel,USA,2024-12-19,2025-01-04,5,3524.74,27888.64,2.8,CONFIRMED,PayPal,2023-02-03,missing customer_name
BK007156,Robert Lee,robert.lee666@mail.com,+971-43-2422426,Azure Tokyo Inn,hotel,France,2024-10-13,2024-11-08,-15,14561.62,36522.72,2.4,refunded,crypto,2023-04-22,invalid nights (-15)
BK009969,Joseph Thompson,,,Marina Sydney Lodge,hotel,UK,2022-11-02,2022-12-01,-29,$13125.18,53397.7,3.6,cancelled,credit_card,14/08/2024,invalid nights (-29)
BK006448,,user139@mail.com,121959344,Sunset Mumbai Retreat,Apartment,United Arab Emirates,2023-03-18,2023-04-15,12,7313.53,,2.3,Confirmed,credit_card,2023-01-15,missing customer_name
BK002724,,user943 at hotmail.com,+971-75-8737381,Desert Tokyo Lodge,Villa,United Kingdom,11-30-2023,2023-12-17,25,$13110.38,21358.63,1.9,pending,PayPal,2021-10-12,missing customer_name
BK008037,Charles Wilson,charles.wilson912@hotmail.com,+971-93-7131146,Azure Paris Resort,Resort,Spain,05-01-2022,2022-05-22,21,1808.34,5473.65,7.6,refunded,bank_transfer,2022-07-20,rating out of range (7.6)
BK005008,Robert Lopez,robert.lopez646@gmail.com,364219775,Royal Sydney Villas,Luxury Hotel,KSA,2023-07-30,2023-08-05,-6,4544.71,2057.94,4.6,pending,credit_card,2022-08-03,invalid nights (-6)
BK006289,,user082@gmail.com,(+47) 176-663056,Oasis Riyadh Spa & Resort,Luxury Hotel,US,2024-09-19,2024-10-07,15,14133.71,24403.14,3.8,cancelled,paypal,2021-10-28,missing customer_name
BK011938,charles davis,,+971-73-7796498,Grand Mumbai Resort,Boutique Hotel,United Arab Emirates,2023-08-16,2023-09-01,5,14184.93,14559.68,7.6,Cancelled,bank_transfer,2024-06-12,rating out of range (7.6)
BK009087,Christopher Jones,,952824778,Summit Mumbai Palace,Hostel,Japan,2023-10-29,2023-11-06,-11,8513.97,11002.56,3.4,confirmed,CREDIT_CARD,2024-03-31,invalid nights (-11)
BK005961,Barbara Thomas,barbara.thomas520@gmail.com,925706590,Azure Paris Spa & Resort,HOTEL,USA,2022-07-26,2022-08-12,-30,11387.19,8413.98,4.9,pending,,2022-03-27,invalid nights (-30)
BK003381,James Lee,james.lee341@outlook.com,+971-06-3262186,Golden Mumbai Lodge,Hotel,France,2022-12-25,2023-01-22,20,3965.57,,7.8,pending,credit_card,2024-11-13,rating out of range (7.8)
BK008030,Mary Anderson,mary.anderson027@gmail.com,372635433,Desert Barcelona Residences,Resort,uae,2023-02-20,2023-03-06,-13,13668.44,2116.52,3.8,confirmed,crypto,2024-02-17,invalid nights (-13)
BK010366,Karen White,karen.white089@mail.com,459503595,Golden Barcelona Hotel,HOTEL,Singapore,2024-02-02,2024-02-05,-22,12089.69,4136.7,3.5,refunded,bank_transfer,2022-09-20,invalid nights (-22)
BK001001,,,909284683,Marina Barcelona Inn,Apartment,France,2024-10-22,2024-11-05,14,$8378.94,26831.98,2.4,confirmed,PayPal,2024-06-30,missing customer_name
BK005256,John Lee,john.lee663@gmail.com,+971-82-0556834,Sunset Barcelona Suites,hotel,Japan,2022-06-24,2022-06-29,5,8638.05,5924.75,5.2,Confirmed,debit_card,2023-11-10,rating out of range (5.2)
BK008075,James Garcia,james.garcia593@yahoo.com,318432694,Grand New York Resort,Luxury Hotel,UAE,2023-10-22,2023-10-27,-18,10717.25,2640.85,4.9,Pending,Bank Transfer,2024-08-05,invalid nights (-18)
BK011224,,user980@mail.com,(+15) 945-817357,Grand Riyadh Suites,Villa,Australia,2022-05-15,2022-06-13,-30,7350.27,39703.61,3.0,cancelled,credit_card,2022-05-09,missing customer_name; invalid nights (-30)
BK010950,Robert Wilson,robert.wilson679@mail.com,322771293,Oasis Barcelona Lodge,Hostel,United Kingdom,19/09/2024,2024-09-27,15,11482.91,2008.88,6.2,confirmed,bank_transfer,2022-11-18,rating out of range (6.2)
BK001556,,,(+26) 739-951982,Palm Singapore Inn,Hotel,Italy,26/02/2024,2024-03-11,7,3903.4,7059.22,3.3,CONFIRMED,paypal,2021-11-20,missing customer_name
BK005713,Sarah Thomas,sarah.thomas695@yahoo.com,(+9) 138-766660,Azure Mumbai Resort,Budget Hotel,France,2022-12-25,2022-12-29,22,$12004.53,3369.04,7.2,CONFIRMED,,2023-05-19,rating out of range (7.2)
BK003788,linda gonzalez,linda.gonzalez450@hotmail.com,,Summit London Suites,Resort,Germany,2023-03-27,2023-03-29,-15,2060.36,,3.2,refunded,paypal,2022-06-17,invalid nights (-15)
BK003600,KAREN MOORE,karen.moore188@mail.com,+971-79-1695435,Desert Dubai Suites,HOTEL,KSA,2023-12-04,2023-12-09,-11,417.15,8533.8,3.6,cancelled,CREDIT_CARD,2021-11-26,invalid nights (-11)
BK000842,Patricia Garcia,,(+21) 822-026714,Azure Rome Hotel,Resort,FRANCE,12-10-2022,2023-01-01,14,4387.49,30326.12,6.0,CONFIRMED,bank_transfer,2023-07-03,rating out of range (6.0)
BK005934,Susan Williams,susan.williams747@mail.com,+971-33-3365840,Silver Dubai Lodge,hotel,United Arab Emirates,2023-10-07,2023-10-28,14,$12813.27,22597.05,7.0,Pending,crypto,2021-07-17,rating out of range (7.0)
BK008189,Susan Perez,susan.perez422@hotmail.com,00971282995783,Oasis Barcelona Suites,Hotel,Spain,2022-02-27,2022-03-14,5,10469.12,23700.9,8.2,Confirmed,CREDIT_CARD,2021-05-06,rating out of range (8.2)
BK007000,Charles Garcia,charles.garcia825@mail.com,00971628789313,Sunset London Spa & Resort,HOTEL,Singapore,2022-12-18,2022-12-30,1,$14824.67,19639.2,5.2,CANCELLED,CREDIT_CARD,2023-02-05,rating out of range (5.2)
BK002046,,user657@gmail.com,+971-99-3885299,Oasis New York Residences,hotel,Japan,11-21-2024,2024-12-08,21,1738.19,10122.65,5.2,confirmed,paypal,2022-12-27,missing customer_name; rating out of range (5.2)
BK010634,,,+971-16-3758659,Desert Sydney Suites,Villa,Germany,23/01/2022,2022-02-15,16,14063.26,33953.52,2.6,cancelled,debit_card,2023-02-14,missing customer_name
BK006805,Thomas Moore,thomas.moore077@mail.com,00971125103944,Oasis London Villas,Villa,France,2022-01-21,2022-01-29,7,"13670,47",3634.96,7.4,refunded,bank_transfer,2021-02-14,rating out of range (7.4)
BK010090,Thomas Perez,thomas.perez319@gmail.com,(+47) 911-933762,Silver Munich Spa & Resort,Budget Hotel,Australia,2024-10-17,2024-10-29,5,11994.75,3769.56,7.6,Confirmed,crypto,2021-08-11,rating out of range (7.6)
BK009474,Michael Jackson,michael.jackson342@hotmail.com,737002313,Azure London Retreat,Boutique Hotel,Australia,2022-09-13,2022-09-21,-27,3887.02,3641.84,3.9,Confirmed,,2021-04-02,invalid nights (-27)
BK001790,John Smith,john.smith014@yahoo.com,737037674,Palm Munich Inn,Budget Hotel,Singapore,21/09/2022,2022-10-01,-23,6126.6,10652.9,3.6,pending,,2024-03-03,invalid nights (-23)
BK010830,,user757@mail.com,(+23) 009-600401,Oasis Dubai Hotel,Resort,Spain,2024-06-02,2024-06-14,7,8093.33,19818.36,2.6,CONFIRMED,CREDIT_CARD,2022-12-25,missing customer_name
BK002937,Karen Smith,karen.smith291@gmail.com,547975836,Silver Dubai Suites,Luxury Hotel,Germany,2022-11-01,2022-11-19,-29,509.71,29792.34,4.8,Pending,Credit Card,2024-05-06,invalid nights (-29)
BK000953,"MOORE, ASHLEY",moore.ashley249@outlook.com,(+82) 778-421929,Royal Mumbai Lodge,Boutique Hotel,United Kingdom,2024-04-28,2024-05-24,-9,775.12,48833.2,3.4,confirmed,Credit Card,2022-04-04,invalid nights (-9)
BK001617,Karen Miller,karen.miller866@outlook.com,00971320354528,Marina Paris Spa & Resort,Resort,UAE,31/12/2022,2023-01-04,10,654.31,,9.0,refunded,bank_transfer,2022-12-12,rating out of range (9.0)
BK001632,Nancy Moore,,+971-02-9835005,Palm Sydney Suites,Hostel,UK,2022-07-23,2022-08-18,-1,$6157.86,39018.2,3.2,Pending,Credit Card,2024-05-16,invalid nights (-1)
BK002590,jessica jones,jessica.jones012@hotmail.com,,Azure London Palace,hotel,United Arab Emirates,2023-10-24,2023-11-10,-7,13853.0,30606.46,4.2,confirmed,CREDIT_CARD,2021-09-22,invalid nights (-7)
BK003394,Mary Rodriguez,mary.rodriguez826@hotmail.com,725488529,Royal Singapore Resort,Apartment,Singapore,2024-02-03,2024-02-13,-12,1239.61,15303.2,4.7,pending,bank_transfer,2023-04-07,invalid nights (-12)
BK006201,Anthony Jackson,anthony.jackson459@gmail.com,00971298595026,Palm Paris Suites,Villa,United States,2023-05-12,2023-05-19,-17,10045.75,3855.32,1.6,refunded,PayPal,2022-11-01,invalid nights (-17)
BK009214,,user210@yahoo.com,(+7) 131-547182,Sunset Riyadh Inn,Apartment,Japan,10-25-2023,2023-11-19,11,$481.29,32203.5,3.3,cancelled,,2021-05-28,missing customer_name
BK003622,Ashley Martinez,ashley.martinez427@hotmail.com,(+35) 187-681532,Azure Dubai Retreat,Hostel,Saudi Arabia,2024-06-26,2024-07-24,16,10626.69,47637.52,8.4,Cancelled,Bank Transfer,2022-09-23,rating out of range (8.4)
BK004199,Ashley Thomas,ashley.thomas393@mail.com,(+63) 594-491648,Azure London Resort,Hostel,KSA,2023-09-07,2023-09-30,23,2431.7,36673.73,9.2,Confirmed,credit_card,2024-07-21,rating out of range (9.2)
BK011344,"HERNANDEZ, SARAH",hernandez.sarah048@yahoo.com,00971992941689,Golden Munich Palace,Luxury Hotel,france,2022-06-19,2022-07-07,-2,1439.53,11984.94,4.5,pending,Credit Card,24/07/2021,invalid nights (-2)
BK005785,,user922@mail.com,(+93) 816-117518,Golden Riyadh Lodge,Villa,UAE,24/11/2024,2024-11-27,13,11532.45,5943.63,3.2,confirmed,CREDIT_CARD,2023-06-19,missing customer_name
BK000724,,user475@outlook.com,+971-34-0024314,Royal Sydney Palace,HOTEL,Spain,2023-04-28,2023-05-13,15,11251.99,11399.7,1.5,pending,bank_transfer,21/05/2021,missing customer_name
BK007580,,user340 at yahoo.com,(+51) 007-395956,Oasis Singapore Spa & Resort,Budget Hotel,Australia,12-29-2024,2025-01-24,16,5600.53,24035.96,2.8,CANCELLED,debit_card,2021-07-26,missing customer_name
BK000462,,user331@hotmail.com,+971-32-6581366,Marina Rome Palace,hotel,Thailand,2022-11-05,2022-11-18,9,9279.27,9995.05,3.3,confirmed,crypto,2021-01-08,missing customer_name
BK005740,Joseph Thompson,joseph.thompson472@mail.com,+971-36-0222219,Royal Riyadh Spa & Resort,Villa,Germany,2023-01-31,2023-02-28,18,14708.8,33352.76,8.2,cancelled,CREDIT_CARD,2022-12-08,rating out of range (8.2)
BK001401,Nancy Brown,nancy.brown198@mail.com,,Grand Paris Inn,Villa,UAE,2024-05-14,2024-06-06,-12,5745.22,8491.6,2.2,Pending,bank_transfer,2021-01-13,invalid nights (-12)
BK010882,,user373@yahoo.com,(+65) 428-142164,Silver Sydney Lodge,Hostel,USA,2022-02-15,2022-02-19,5,11074.32,4213.88,4.6,pending,Credit Card,2024-02-07,missing customer_name
BK001666,Nancy Thomas,,272007976,Coral London Inn,Budget Hotel,India,2023-01-16,2023-01-23,-4,10894.12,13503.63,3.3,pending,credit_card,2024-11-10,invalid nights (-4)
BK000583,Anthony Jones,anthony.jones962@gmail.com,00971470166878,Grand Paris Resort,Hostel,KSA,2023-01-31,2023-02-24,-27,10154.54,42422.88,4.1,pending,debit_card,2022-03-12,invalid nights (-27)
BK001141,Patricia Lee,patricia.lee350 at hotmail.com,+971-76-8496174,Azure Tokyo Lodge,hotel,Japan,2024-01-16,2024-01-26,-3,2680.4,15588.9,1.5,confirmed,CREDIT_CARD,2024-05-08,invalid nights (-3)
BK006082,Sandra Lee,sandra.lee752@hotmail.com,00971308339662,Palm Barcelona Resort,Hotel,Italy,2024-09-02,2024-09-26,-3,8267.07,17735.28,3.6,cancelled,Bank Transfer,2021-09-09,invalid nights (-3)
BK000718,william anderson,william.anderson176@yahoo.com,+971-77-2907594,Silver Paris Palace,Hostel,uae,2024-11-16,2024-12-04,-29,9917.52,5866.56,1.1,CANCELLED,,02/06/2022,invalid nights (-29)
BK009709,William Taylor,william.taylor604@outlook.com,898933429,Azure Mumbai Spa & Resort,Budget Hotel,Australia,2024-06-22,2024-07-04,7,12336.38,4973.4,9.2,CONFIRMED,CREDIT_CARD,2022-10-20,rating out of range (9.2)
BK010269,Barbara Anderson,barbara.anderson764@gmail.com,00971448493897,Silver Dubai Residences,Resort,Germany,2024-03-26,2024-04-09,-19,6446.45,21423.08,,Pending,CREDIT_CARD,13/04/2024,invalid nights (-19)
BK011343,"LOPEZ, MARY",lopez.mary812@hotmail.com,+971-71-2305337,Royal London Lodge,Budget Hotel,Germany,2024-07-27,2024-08-24,7,870.82,16322.04,6.0,confirmed,PayPal,2021-09-28,rating out of range (6.0)
BK009201,Mark Martin,mark.martin051@yahoo.com,053784785,Azure London Spa & Resort,hotel,Italy,03/05/2023,2023-05-22,11,8604.23,18127.71,7.6,Pending,,2022-10-28,rating out of range (7.6)
BK007810,Betty Rodriguez,betty.rodriguez003@outlook.com,794129315,Palm Sydney Hotel,Luxury Hotel,Spain,2023-08-17,2023-08-19,24,260.93,521.86,8.6,Confirmed,crypto,2024-11-12,rating out of range (8.6)
BK008208,william jackson,william.jackson350 at hotmail.com,(+99) 617-443970,Oasis Tokyo Spa & Resort,Hotel,US,2023-12-22,2023-12-26,-20,13333.49,3838.6,4.7,Cancelled,Credit Card,2023-09-19,invalid nights (-20)
BK003868,Karen Lee,karen.lee989@hotmail.com,(+50) 688-414597,Grand Singapore Hotel,Apartment,India,2022-11-28,2022-12-10,13,4071.56,23379.48,5.6,Pending,crypto,02-07-2021,rating out of range (5.6)
BK011981,Anthony Miller,anthony.miller849@gmail.com,+971-10-6828698,Desert New York Spa & Resort,HOTEL,United Arab Emirates,2023-07-07,2023-07-17,29,2368.86,6094.9,9.4,Confirmed,PayPal,2023-04-18,rating out of range (9.4)
BK001327,,,(+96) 793-029921,Grand Singapore Villas,Villa,Saudi Arabia,2022-04-10,2022-04-26,7,12813.84,28340.48,6.0,confirmed,debit_card,2023-07-16,missing customer_name; rating out of range (6.0)
BK011377,Sarah Jones,sarah.jones931@hotmail.com,+971-70-4603954,Grand Riyadh Inn,Hostel,Spain,2022-04-16,2022-04-24,-5,1647.73,15510.48,4.6,cancelled,Bank Transfer,2023-01-11,invalid nights (-5)
BK006376,Mark Hernandez,mark.hernandez478@hotmail.com,00971200851504,Desert New York Spa & Resort,Boutique Hotel,India,2023-09-21,2023-10-16,-30,6881.3,16677.25,2.2,refunded,paypal,2022-05-03,invalid nights (-30)
BK006430,michael anderson,michael.anderson934@yahoo.com,00971614598017,Summit London Resort,Apartment,United Kingdom,2024-10-30,2024-11-06,5,14495.98,2961.77,5.8,CANCELLED,Credit Card,2021-11-10,rating out of range (5.8)
BK003720,James Taylor,james.taylor299@hotmail.com,(+18) 790-327987,Golden Mumbai Resort,HOTEL,United Kingdom,2024-07-02,2024-07-19,25,1803.27,16794.81,9.0,CONFIRMED,CREDIT_CARD,2021-09-20,rating out of range (9.0)
BK004894,David Brown,david.brown131@yahoo.com,00971351346845,Royal Riyadh Resort,Apartment,uae,11-22-2023,2023-12-11,-9,14938.13,16271.41,9.0,Confirmed,crypto,2021-04-15,invalid nights (-9); rating out of range (9.0)
BK008969,,,986517378,Palm London Villas,Hotel,United Kingdom,2024-03-18,2024-03-21,6,5972.14,2660.22,1.8,pending,PayPal,2024-04-08,missing customer_name
BK001291,Barbara Rodriguez,barbara.rodriguez357@yahoo.com,811129642,Palm Sydney Retreat,hotel,France,2023-12-02,2023-12-31,-1,4423.64,28223.67,5.0,pending,debit_card,2024-11-21,invalid nights (-1)
BK000574,,,(+58) 858-437342,Palm Dubai Villas,Resort,US,2024-05-08,2024-05-22,15,6302.91,16163.84,2.4,refunded,PayPal,2022-02-03,missing customer_name
BK004959,,user195@yahoo.com,069717767,Palm Singapore Lodge,Villa,India,2024-03-31,2024-04-14,27,12433.22,,,cancelled,PayPal,2024-01-25,missing customer_name
BK006762,Charles Garcia,charles.garcia937@gmail.com,(+49) 145-756266,Desert Dubai Spa & Resort,Resort,Thailand,2023-11-14,2023-11-17,14,14489.99,4687.14,8.8,confirmed,Credit Card,2021-09-01,rating out of range (8.8)
BK005520,John Smith,john.smith732 at yahoo.com,(+2) 311-470825,Golden Riyadh Lodge,Apartment,Spain,2022-03-10,2022-03-24,25,$4866.64,12252.8,9.2,confirmed,bank_transfer,2023-10-19,rating out of range (9.2)
BK001000,Patricia Lopez,patricia.lopez288@gmail.com,(+37) 028-809537,Grand Munich Lodge,HOTEL,uae,2024-04-16,2024-05-02,20,13621.39,31481.92,7.0,Confirmed,bank_transfer,2024-01-01,rating out of range (7.0)
BK007085,Patricia Martin,patricia.martin038@outlook.com,202604752,Oasis Barcelona Palace,Apartment,United Kingdom,03-17-2022,2022-03-21,13,14019.94,4279.6,5.4,confirmed,credit_card,2023-03-28,rating out of range (5.4)
BK010752,,,+971-85-0252608,Marina Dubai Lodge,Villa,KSA,12/12/2023,2023-12-16,30,5232.72,6185.48,1.7,cancelled,,2024-01-01,missing customer_name
BK007959,David Garcia,,00971481420133,Desert Tokyo Lodge,Hotel,Italy,2024-11-19,2024-12-12,-2,1002.29,28445.48,1.4,CANCELLED,bank_transfer,2024-07-17,invalid nights (-2)
BK001731,,user721@mail.com,+971-34-2840880,Royal Mumbai Resort,Villa,Singapore,2023-10-27,2023-10-28,8,10007.78,56.02,3.9,pending,bank_transfer,2024-12-08,missing customer_name
BK008893,,user508@hotmail.com,339201779,Oasis Barcelona Lodge,Boutique Hotel,france,2024-06-23,2024-06-29,15,$9764.59,2778.72,6.6,Cancelled,Bank Transfer,2021-06-10,missing customer_name; rating out of range (6.6)
BK009792,,user025@gmail.com,(+51) 099-918037,Golden Paris Hotel,hotel,United States,2022-02-25,2022-03-04,25,$12484.2,10819.9,2.0,Pending,credit_card,2024-06-03,missing customer_name
BK002313,,user819@outlook.com,00971077907345,Golden New York Suites,hotel,KSA,28/03/2022,2022-04-06,9,438.83,13269.42,3.4,Cancelled,PayPal,2022-05-06,missing customer_name
BK005036,Charles Martinez,charles.martinez893@yahoo.com,(+57) 514-972575,Sunset Singapore Lodge,Resort,India,2024-07-25,2024-08-18,-2,8609.79,39797.76,3.6,confirmed,debit_card,2021-07-12,invalid nights (-2)
BK011262,,user338@gmail.com,(+97) 332-583919,Summit Mumbai Palace,Hostel,Japan,2023-08-22,2023-09-08,1,"12439,46",10648.8,4.1,confirmed,Credit Card,2021-04-22,missing customer_name
BK007728,,user793@mail.com,+971-69-9298798,Marina Paris Suites,Hotel,FRANCE,2022-01-18,2022-01-30,-18,1735.99,11225.88,1.8,confirmed,Bank Transfer,03/08/2024,missing customer_name; invalid nights (-18)
BK004622,,user494@hotmail.com,439943724,Marina Rome Suites,Hotel,Singapore,2024-08-15,2024-09-06,16,3693.88,29201.04,2.7,Pending,bank_transfer,2023-11-19,missing customer_name
BK006401,"MOORE, MARY",moore.mary021 at mail.com,00971153748606,Oasis New York Villas,Boutique Hotel,Spain,2023-05-23,2023-06-10,-3,7565.96,25368.48,3.1,pending,Credit Card,2022-09-18,invalid nights (-3)
BK001613,,user421@gmail.com,591126426,Silver London Spa & Resort,HOTEL,UAE,2023-05-06,2023-05-21,25,$3693.88,1866.0,1.0,CONFIRMED,,2021-07-20,missing customer_name
BK007344,Nancy Martin,nancy.martin857@outlook.com,00971686487039,Oasis Mumbai Hotel,Boutique Hotel,Japan,2022-01-04,2022-01-29,2,7384.81,41173.0,9.0,pending,bank_transfer,29/05/2021,rating out of range (9.0)
BK003200,John Thomas,john.thomas629@yahoo.com,+971-19-1731867,Oasis Munich Inn,Budget Hotel,KSA,2022-04-09,2022-05-09,22,$3234.36,10115.4,5.8,Confirmed,Bank Transfer,2021-01-31,rating out of range (5.8)
BK000325,patricia rodriguez,patricia.rodriguez640@yahoo.com,+971-13-3635207,Grand Barcelona Suites,Hotel,france,2022-04-26,2022-05-14,-16,8744.67,1750.32,3.1,Pending,PayPal,2024-02-14,invalid nights (-16)
BK004552,Linda Rodriguez,linda.rodriguez256 at outlook.com,422692785,Summit London Residences,Boutique Hotel,Thailand,2022-04-20,2022-04-27,-20,4426.74,10775.38,1.0,CONFIRMED,credit_card,2023-09-23,invalid nights (-20)
BK004655,William Lee,william.lee727@mail.com,00971534400396,Royal Sydney Hotel,Resort,Saudi Arabia,09/08/2022,2022-08-24,-11,1969.6,8968.05,1.9,pending,Credit Card,2024-01-07,invalid nights (-11)
BK002434,"WILLIAMS, JESSICA",williams.jessica657@gmail.com,871150293,Grand Singapore Residences,Resort,France,25/03/2024,2024-04-08,30,14964.36,10046.4,8.0,Cancelled,paypal,2021-03-02,rating out of range (8.0)
BK002167,,user905@mail.com,042477896,Palm Mumbai Suites,Apartment,US,2022-12-10,2022-12-30,20,12669.92,27549.2,3.0,cancelled,PayPal,2023-12-12,missing customer_name
BK001374,Nancy Perez,nancy.perez171@hotmail.com,319452458,Desert Dubai Residences,Luxury Hotel,FRANCE,24/07/2024,2024-08-20,4,13873.56,50231.88,7.4,Confirmed,credit_card,2021-02-20,rating out of range (7.4)
BK000079,Matthew Taylor,matthew.taylor249@yahoo.com,(+45) 561-035185,Azure Mumbai Palace,Resort,Spain,2022-03-01,2022-03-30,2,14475.52,48552.09,5.2,confirmed,Bank Transfer,2021-09-28,rating out of range (5.2)
BK010316,Richard Perez,richard.perez602@hotmail.com,00971912314312,Royal Mumbai Villas,HOTEL,Thailand,11-07-2023,2023-12-07,8,6085.45,4742.7,7.0,refunded,paypal,2024-01-25,rating out of range (7.0)
BK002949,Betty Lee,betty.lee885@mail.com,+971-42-8233514,Marina Singapore Palace,Budget Hotel,Thailand,2022-10-19,2022-11-04,2,6091.46,21949.76,8.4,CONFIRMED,credit_card,2023-12-17,rating out of range (8.4)
BK002225,,user522@mail.com,,Summit Tokyo Residences,Hostel,Australia,2024-05-07,2024-05-17,27,371.57,14776.3,3.0,Cancelled,PayPal,2021-01-24,missing customer_name
BK002921,,user337 at mail.com,(+60) 931-172746,Silver Munich Retreat,Resort,USA,2024-08-21,2024-08-23,1,1920.35,791.04,4.4,confirmed,crypto,2021-02-14,missing customer_name
BK006032,Jennifer Perez,jennifer.perez887@hotmail.com,00971437688725,Silver Munich Lodge,hotel,uae,2023-07-15,2023-08-04,16,12419.74,29931.8,5.8,CONFIRMED,debit_card,2021-12-30,rating out of range (5.8)
BK001745,,user391@gmail.com,094427292,Oasis Tokyo Suites,Resort,USA,2023-08-05,2023-08-17,9,1320.54,17832.12,4.8,refunded,credit_card,2021-09-03,missing customer_name
BK003884,Richard Taylor,richard.taylor658@hotmail.com,+971-09-7897222,Grand Riyadh Hotel,Hostel,France,2023-07-21,2023-07-24,20,12762.67,466.47,9.4,pending,credit_card,2022-05-14,rating out of range (9.4)
BK011161,Nancy Miller,nancy.miller477@hotmail.com,775575876,Summit Dubai Hotel,Villa,India,2023-09-27,2023-10-01,-28,334.21,1336.84,4.5,cancelled,bank_transfer,2022-04-28,invalid nights (-28)
BK006503,,user662@yahoo.com,00971231259946,Grand Rome Resort,Luxury Hotel,US,2024-09-04,2024-09-26,21,512.07,31101.62,3.9,Confirmed,bank_transfer,2021-10-01,missing customer_name
BK002031,Michael Thompson,michael.thompson306@yahoo.com,467270225,Oasis Sydney Lodge,Hostel,United Arab Emirates,2024-03-22,2024-03-26,-6,8644.57,5180.04,,confirmed,Credit Card,2024-01-20,invalid nights (-6)
BK001695,Anthony Williams,anthony.williams223@outlook.com,00971202866523,Oasis Munich Villas,Apartment,FRANCE,2024-07-08,2024-07-12,20,8460.37,3568.32,9.4,Confirmed,credit_card,2024-03-29,rating out of range (9.4)
BK007926,,user547@outlook.com,+971-44-1051734,Desert Barcelona Palace,Hostel,Japan,2022-12-04,2022-12-29,5,3648.2,33211.5,4.4,confirmed,PayPal,2023-05-25,missing customer_name
BK005116,,user495@hotmail.com,(+30) 116-020012,Oasis London Hotel,Boutique Hotel,France,2022-10-09,2022-10-14,2,6690.53,3001.1,3.4,pending,Bank Transfer,2023-02-05,missing customer_name
BK000382,,user163@yahoo.com,00971837541257,Royal Rome Spa & Resort,Boutique Hotel,India,2022-01-05,2022-01-10,15,8385.02,1072.45,3.2,confirmed,CREDIT_CARD,2021-09-17,missing customer_name
BK006446,,user000@gmail.com,00971869599555,Summit Tokyo Retreat,Villa,Saudi Arabia,2022-11-28,2022-12-16,11,$66.84,2527.74,3.9,CONFIRMED,Credit Card,2021-05-08,missing customer_name
BK006791,,user223@mail.com,631093044,Desert Mumbai Lodge,Hotel,uae,2024-11-28,2024-12-21,21,6202.37,38467.96,2.4,Cancelled,,2023-03-15,missing customer_name
BK004286,Nancy Martin,nancy.martin640 at gmail.com,(+57) 561-890325,Palm Barcelona Palace,Hostel,United Kingdom,28/04/2022,2022-05-18,18,7440.07,33844.2,9.2,CONFIRMED,,2024-11-26,rating out of range (9.2)
BK003605,Michael Brown,michael.brown460@hotmail.com,665078369,Oasis Riyadh Inn,Luxury Hotel,France,25/12/2023,2024-01-11,30,432.96,7958.55,9.8,Pending,Bank Transfer,21/04/2024,rating out of range (9.8)
BK003879,Thomas Wilson,thomas.wilson383@gmail.com,+971-14-1927482,Golden Dubai Lodge,Boutique Hotel,KSA,2022-03-20,2022-03-30,15,3365.28,13937.9,7.4,Pending,Bank Transfer,2021-03-02,rating out of range (7.4)
BK002635,"MARTIN, THOMAS",martin.thomas006@hotmail.com,+971-20-8556906,Azure Barcelona Retreat,Hostel,US,2022-03-28,2022-04-27,20,436.43,36010.8,8.2,refunded,PayPal,2022-08-27,rating out of range (8.2)
BK004139,,user422@gmail.com,(+62) 862-757225,Marina New York Spa & Resort,Hostel,Germany,2023-03-04,2023-03-14,1,2334.17,5634.7,4.8,cancelled,Bank Transfer,05/01/2024,missing customer_name
BK004047,Christopher Hernandez,christopher.hernandez651@gmail.com,+971-65-8962687,Azure Riyadh Inn,Hostel,Saudi Arabia,2024-11-27,2024-12-12,17,8785.46,,7.2,confirmed,paypal,2023-06-26,rating out of range (7.2)
BK006342,,,+971-45-5315565,Royal Rome Spa & Resort,Villa,India,2024-10-22,2024-11-01,10,5598.82,7944.0,2.8,CONFIRMED,Bank Transfer,2024-05-09,missing customer_name
BK004995,Lisa Williams,lisa.williams507@yahoo.com,453591744,Oasis Singapore Villas,HOTEL,Thailand,2024-08-04,2024-08-27,25,1247.82,40053.12,6.6,confirmed,paypal,2022-03-06,rating out of range (6.6)
BK010800,Sandra Hernandez,sandra.hernandez291@mail.com,436298542,Desert Mumbai Lodge,Boutique Hotel,USA,2024-11-07,2024-11-30,-3,4815.32,31626.84,3.5,Confirmed,Bank Transfer,2023-02-03,invalid nights (-3)
BK007725,Thomas Wilson,thomas.wilson523@outlook.com,+971-70-1562049,Royal Tokyo Villas,Luxury Hotel,Singapore,2024-10-20,2024-11-10,10,8441.3,7694.82,6.4,CONFIRMED,,12/11/2021,rating out of range (6.4)
BK009523,Lisa Rodriguez,lisa.rodriguez685@hotmail.com,00971613794477,Silver Dubai Resort,Resort,FRANCE,2024-07-21,2024-07-31,13,$14368.07,18814.9,8.8,confirmed,,16/07/2022,rating out of range (8.8)
BK002740,,user174@hotmail.com,989777437,Grand Mumbai Palace,hotel,Singapore,03-23-2024,2024-04-21,5,9453.04,57031.4,3.2,Confirmed,debit_card,2024-12-06,missing customer_name
BK011082,,user860@outlook.com,(+70) 035-730707,Desert Tokyo Palace,Villa,US,05/06/2024,2024-06-17,2,$10245.97,18407.4,1.6,refunded,paypal,2023-11-01,missing customer_name
BK000240,,user400@hotmail.com,(+63) 110-374792,Palm Dubai Villas,Boutique Hotel,Spain,2023-12-23,2024-01-11,29,12983.66,987.24,3.6,Cancelled,debit_card,2024-09-12,missing customer_name
BK005337,Joseph Thomas,joseph.thomas770@mail.com,+971-15-4869716,Marina Paris Spa & Resort,Budget Hotel,Saudi Arabia,2022-01-20,2022-01-24,-28,11358.08,3214.68,2.0,CONFIRMED,bank_transfer,2021-05-24,invalid nights (-28)
BK003728,Nancy Smith,nancy.smith191@gmail.com,381733502,Royal Tokyo Lodge,Villa,United Arab Emirates,2023-12-27,2024-01-23,-19,1548.91,52385.13,3.2,confirmed,Bank Transfer,2023-06-27,invalid nights (-19)
BK005224,,user017@gmail.com,+971-88-8601434,Azure Dubai Hotel,Villa,UK,2024-05-17,2024-05-18,20,$803.0,64.78,1.2,CANCELLED,credit_card,2024-06-13,missing customer_name
BK001726,,user545@yahoo.com,00971896316814,Summit Riyadh Residences,hotel,Germany,2022-01-08,2022-01-19,15,12620.66,9846.43,1.8,Confirmed,CREDIT_CARD,2024-09-25,missing customer_name
BK011384,Matthew Wilson,matthew.wilson580 at mail.com,00971062719891,Summit Dubai Palace,Luxury Hotel,KSA,2024-12-15,2025-01-03,22,13492.42,33801.0,6.6,cancelled,debit_card,2024-03-17,rating out of range (6.6)
BK003963,Mary Thompson,mary.thompson314@gmail.com,(+40) 455-525483,Royal New York Hotel,Luxury Hotel,Italy,2022-01-28,2022-01-30,-10,8967.31,2298.24,3.5,Pending,,2024-03-06,invalid nights (-10)
BK007446,Robert Garcia,robert.garcia164@gmail.com,00971048152808,Silver Rome Resort,hotel,Japan,2024-11-25,2024-12-01,-21,"5478,15",10181.16,,CANCELLED,debit_card,10/10/2022,invalid nights (-21)
BK009990,Michael Gonzalez,michael.gonzalez865@mail.com,00971871077528,Desert Mumbai Hotel,Apartment,United Arab Emirates,2022-07-03,2022-07-21,-10,899.76,4010.94,,Confirmed,credit_card,2023-02-26,invalid nights (-10)
BK003309,,user719 at hotmail.com,469451417,Sunset Riyadh Residences,Boutique Hotel,United States,15/06/2022,2022-07-04,29,746.46,9983.55,4.1,CONFIRMED,credit_card,2024-09-07,missing customer_name
BK000276,,user440@outlook.com,,Silver Tokyo Lodge,Budget Hotel,United States,2023-06-13,2023-07-10,25,"2721,99",33704.37,3.4,confirmed,crypto,2023-03-23,missing customer_name
BK007960,Charles Jones,charles.jones635@hotmail.com,(+38) 551-270554,Grand Singapore Spa & Resort,HOTEL,USA,14/08/2022,2022-09-07,-26,6473.79,33993.36,3.0,CANCELLED,Bank Transfer,2024-06-26,invalid nights (-26)
BK008484,Susan Anderson,susan.anderson069@gmail.com,(+97) 212-908494,Desert Munich Inn,HOTEL,United Kingdom,2022-05-06,2022-05-15,-18,5068.35,4540.95,2.2,Cancelled,PayPal,2023-04-22,invalid nights (-18)
BK001782,Thomas Wilson,thomas.wilson855@outlook.com,+971-40-5512731,Grand London Spa & Resort,Apartment,US,2023-12-06,2023-12-29,-8,14117.98,30703.16,2.9,CANCELLED,PayPal,01/06/2023,invalid nights (-8)
BK004040,Ashley Rodriguez,ashley.rodriguez063@outlook.com,(+42) 336-672933,Marina Munich Lodge,Apartment,france,2024-03-29,2024-04-05,29,12157.06,3531.64,7.0,refunded,bank_transfer,2022-04-05,rating out of range (7.0)
BK006433,"WILSON, DANIEL",wilson.daniel594@hotmail.com,+971-79-4415413,Marina New York Lodge,Budget Hotel,Japan,06/12/2024,2024-12-30,24,3645.81,37430.64,7.2,Cancelled,bank_transfer,2021-01-26,rating out of range (7.2)
BK009071,,user278@outlook.com,00971374663976,Desert Munich Hotel,Luxury Hotel,Singapore,2023-09-12,2023-10-05,18,703.5,31282.3,2.9,Pending,CREDIT_CARD,2023-04-10,missing customer_name
BK006552,James Thompson,james.thompson112@hotmail.com,532848947,Royal Rome Hotel,Luxury Hotel,Australia,2024-09-16,2024-09-25,19,12901.82,14323.68,6.2,pending,Credit Card,2022-10-30,rating out of range (6.2)
BK010330,betty gonzalez,betty.gonzalez346@outlook.com,00971946727536,Summit London Inn,Resort,FRANCE,20/05/2023,2023-06-02,-9,1584.41,1510.47,3.3,Pending,Bank Transfer,2023-06-21,invalid nights (-9)
BK011800,Ashley Moore,ashley.moore410@yahoo.com,+971-80-5244668,Palm Mumbai Inn,hotel,Saudi Arabia,18/12/2024,2024-12-20,7,1683.92,3367.84,7.8,Confirmed,paypal,2024-11-08,rating out of range (7.8)
BK006340,Jessica Garcia,jessica.garcia861 at mail.com,(+55) 061-989465,Marina Dubai Inn,Apartment,KSA,08-04-2024,2024-08-29,-30,5865.32,10503.5,2.7,Confirmed,paypal,2021-11-28,invalid nights (-30)
BK006047,Barbara Jackson,barbara.jackson542@hotmail.com,+971-66-0264418,Silver Munich Palace,Boutique Hotel,United Arab Emirates,2022-03-13,2022-04-06,-12,9570.44,38809.92,2.9,pending,credit_card,2021-12-12,invalid nights (-12)
BK000822,Barbara Garcia,barbara.garcia883@outlook.com,(+52) 609-092898,Oasis Rome Suites,hotel,Japan,2024-03-06,2024-03-07,24,13355.88,1181.65,8.6,CANCELLED,credit_card,23/05/2023,rating out of range (8.6)
BK011228,Charles Anderson,charles.anderson104@gmail.com,214259173,Coral Barcelona Spa & Resort,Hostel,UAE,2023-03-01,2023-03-04,4,3854.1,3281.49,7.4,Confirmed,crypto,2022-05-13,rating out of range (7.4)
BK007913,Karen Martinez,karen.martinez807@hotmail.com,+971-97-8973454,Oasis Tokyo Spa & Resort,hotel,UAE,2023-04-17,2023-05-05,-17,3311.76,32546.88,2.4,pending,bank_transfer,2021-12-13,invalid nights (-17)
BK003796,sandra rodriguez,sandra.rodriguez393@outlook.com,+971-16-3213652,Sunset Dubai Residences,Apartment,UK,12/01/2022,2022-01-17,-14,7232.56,2182.45,1.3,confirmed,crypto,24/01/2023,invalid nights (-14)
BK010299,Sandra Martinez,sandra.martinez175@hotmail.com,00971680176181,Coral Dubai Palace,Resort,Japan,2024-07-01,2024-07-04,-3,7917.97,4214.67,3.3,refunded,,2024-10-31,invalid nights (-3)
BK004503,Thomas Davis,thomas.davis532@mail.com,(+93) 262-552938,Desert Singapore Suites,HOTEL,Italy,2024-03-29,2024-04-17,-18,2579.46,9220.32,4.9,refunded,bank_transfer,2023-02-06,invalid nights (-18)
BK001193,Margaret Thomas,margaret.thomas301@outlook.com,,Coral London Resort,Hostel,KSA,2023-08-11,2023-09-03,15,2114.95,32260.26,7.8,Pending,paypal,2023-01-28,rating out of range (7.8)
BK003150,Patricia Williams,patricia.williams711@yahoo.com,,Desert Munich Retreat,Luxury Hotel,FRANCE,2023-05-09,2023-05-26,6,$9395.18,3115.59,6.4,cancelled,crypto,07/08/2022,rating out of range (6.4)
BK011028,,user227@yahoo.com,150272682,Palm Munich Palace,Luxury Hotel,UK,2024-08-12,2024-08-22,1,8915.77,10045.4,2.1,cancelled,credit_card,2022-06-10,missing customer_name
BK006159,Jessica Davis,jessica.davis917@outlook.com,00971061144661,Oasis New York Inn,Apartment,Japan,2024-12-30,2025-01-07,-5,14378.87,4776.08,2.5,cancelled,crypto,2021-08-20,invalid nights (-5)
BK007301,,user571@hotmail.com,00971699304282,Coral New York Inn,Hotel,france,2024-09-28,2024-10-15,-10,7543.51,13315.93,4.3,confirmed,crypto,2024-05-26,missing customer_name; invalid nights (-10)
BK011972,James Wilson,james.wilson532@hotmail.com,(+74) 359-977906,Marina Mumbai Inn,Luxury Hotel,France,2023-10-22,2023-11-15,-20,2260.02,3004.56,2.5,Cancelled,credit_card,2023-07-22,invalid nights (-20)
BK004484,"MARTINEZ, DANIEL",martinez.daniel347@hotmail.com,00971168593382,Coral Dubai Spa & Resort,Luxury Hotel,Saudi Arabia,19/11/2022,2022-12-02,-26,10010.8,6165.64,1.3,CANCELLED,PayPal,20/01/2022,invalid nights (-26)
BK008274,"DAVIS, MATTHEW",davis.matthew576 at mail.com,+971-15-2106558,Marina Rome Suites,Budget Hotel,UK,2024-06-19,2024-07-09,-23,12686.94,13158.0,4.7,cancelled,crypto,22/07/2024,invalid nights (-23)
BK011594,,user730@yahoo.com,(+93) 867-509396,Palm New York Spa & Resort,Resort,UAE,2022-11-14,2022-11-30,4,14831.3,27321.12,1.0,CONFIRMED,CREDIT_CARD,2024-11-26,missing customer_name
BK009728,Charles White,charles.white063@hotmail.com,(+92) 145-384515,Grand London Residences,Hotel,UK,2023-10-05,2023-11-02,-5,4359.42,28785.96,2.4,confirmed,bank_transfer,2024-10-17,invalid nights (-5)
BK006838,Mary Anderson,mary.anderson516@mail.com,(+14) 126-900462,Golden Rome Retreat,Villa,Germany,2024-03-16,2024-03-29,-18,1727.01,24712.22,1.1,Confirmed,CREDIT_CARD,2023-06-30,invalid nights (-18)
BK011600,,user431@yahoo.com,00971533957754,Golden Mumbai Inn,HOTEL,Germany,2023-12-25,2024-01-01,24,$10163.97,12555.34,6.4,Cancelled,credit_card,2021-03-07,missing customer_name; rating out of range (6.4)
BK008676,,user473@yahoo.com,(+27) 699-123251,Desert London Spa & Resort,Hotel,FRANCE,2024-10-19,2024-11-09,21,4616.71,30967.44,3.4,CANCELLED,PayPal,2022-06-16,missing customer_name
BK009118,William Garcia,william.garcia514@hotmail.com,+971-85-9988953,Coral New York Hotel,Apartment,UAE,2022-07-25,2022-08-16,-24,11421.06,21431.3,7.0,pending,Credit Card,2022-03-09,invalid nights (-24); rating out of range (7.0)
BK003946,Lisa Garcia,lisa.garcia893 at mail.com,+971-76-8276545,Azure London Inn,Apartment,Thailand,2024-05-28,2024-06-01,1,4221.8,2830.96,5.4,cancelled,debit_card,2022-11-23,rating out of range (5.4)
BK003700,Nancy Gonzalez,nancy.gonzalez003@yahoo.com,(+7) 588-260691,Marina Singapore Hotel,Boutique Hotel,Thailand,2023-06-03,2023-06-28,-17,14464.81,17262.5,5.0,CONFIRMED,credit_card,2021-01-19,invalid nights (-17)
BK002072,Joseph Lopez,joseph.lopez103 at hotmail.com,+971-98-5478114,Desert London Inn,Hotel,France,2022-11-16,2022-11-18,17,8612.19,2880.0,9.0,CANCELLED,CREDIT_CARD,2023-01-02,rating out of range (9.0)
BK004401,Ashley Thompson,ashley.thompson981@yahoo.com,368171320,Coral Paris Hotel,Luxury Hotel,Thailand,2024-05-08,2024-05-14,26,2418.26,2446.32,6.4,refunded,bank_transfer,11/01/2024,rating out of range (6.4)
BK000171,Christopher Lopez,christopher.lopez728@hotmail.com,274627571,Desert Singapore Villas,Boutique Hotel,UAE,10-10-2022,2022-10-17,-25,$14157.46,6343.82,3.4,confirmed,CREDIT_CARD,22/03/2024,invalid nights (-25)
BK006019,,user766@yahoo.com,+971-68-6389724,Palm Singapore Inn,HOTEL,Germany,2023-05-12,2023-06-11,13,5063.43,14152.2,4.2,confirmed,crypto,2021-01-10,missing customer_name
BK004614,,user823@outlook.com,,Palm Munich Resort,Apartment,uae,2023-12-01,2023-12-02,-22,2336.28,602.13,4.5,Confirmed,CREDIT_CARD,2024-06-04,missing customer_name; invalid nights (-22)
BK004529,Robert Gonzalez,robert.gonzalez001@outlook.com,901190891,Marina Paris Villas,Resort,UK,2023-07-12,2023-07-26,17,8766.96,7005.6,9.4,Confirmed,paypal,2021-06-05,rating out of range (9.4)
BK006006,Margaret Smith,margaret.smith068@mail.com,00971623945959,Grand Dubai Villas,Budget Hotel,Italy,2022-06-07,2022-06-08,1,$13001.43,1198.09,9.8,confirmed,debit_card,2022-09-12,rating out of range (9.8)
BK007407,Margaret Rodriguez,margaret.rodriguez460@hotmail.com,(+53) 563-749642,Azure Sydney Spa & Resort,Budget Hotel,USA,2023-08-01,2023-08-25,3,14043.42,31784.4,9.0,cancelled,,2022-10-14,rating out of range (9.0)
BK005111,,user888@mail.com,516790287,Silver Sydney Lodge,Luxury Hotel,Japan,2024-07-22,2024-08-06,16,$7607.06,27859.2,,CANCELLED,CREDIT_CARD,2024-12-06,missing customer_name
BK010029,,user795@mail.com,(+24) 896-788640,Golden Paris Lodge,Boutique Hotel,Germany,26/05/2022,2022-06-05,14,14822.06,9816.1,4.0,Cancelled,paypal,2021-12-25,missing customer_name
BK005933,"PEREZ, BETTY",perez.betty930@mail.com,+971-03-8760383,Oasis Riyadh Villas,Villa,United States,2023-01-12,2023-02-06,-13,1572.42,4163.25,1.3,Cancelled,paypal,2021-08-19,invalid nights (-13)
BK009753,thomas thompson,thomas.thompson126@outlook.com,(+73) 347-219987,Golden Paris Villas,Hotel,Singapore,2022-01-10,2022-02-08,18,10092.75,19255.42,9.0,confirmed,Bank Transfer,2021-05-22,rating out of range (9.0)
BK007674,Nancy Wilson,,(+42) 090-000386,Silver London Hotel,Apartment,Saudi Arabia,2024-09-26,2024-10-07,2,5698.15,19557.34,8.2,cancelled,debit_card,2022-04-12,rating out of range (8.2)
BK006891,Barbara Johnson,barbara.johnson802@hotmail.com,00971401560841,Coral Sydney Inn,Boutique Hotel,Spain,2023-10-07,2023-10-27,10,4725.9,38709.2,8.2,Pending,bank_transfer,2024-10-02,rating out of range (8.2)
BK001000,Patricia Lopez,patricia.lopez288@gmail.com,(+37) 028-809537,Grand Munich Lodge,HOTEL,uae,2024-04-16,2024-05-02,20,13621.39,31481.92,7.0,Confirmed,bank_transfer,2024-01-01,rating out of range (7.0)
BK003283,,user707@hotmail.com,(+7) 767-274062,Palm Riyadh Residences,Budget Hotel,UK,2022-01-03,2022-01-29,5,4433.49,49908.3,4.3,CONFIRMED,PayPal,2022-03-30,missing customer_name
BK006917,Richard Johnson,richard.johnson114@mail.com,00971643682891,Desert Paris Suites,Luxury Hotel,United Kingdom,2023-10-19,2023-11-01,12,10693.62,10656.1,9.6,Pending,paypal,2021-01-04,rating out of range (9.6)
BK000004,Karen Taylor,karen.taylor830@mail.com,00971407714528,Coral Mumbai Suites,Apartment,US,2023-10-26,2023-10-30,21,6799.72,,6.8,confirmed,debit_card,2021-05-19,rating out of range (6.8)
BK011664,,user501 at outlook.com,+971-54-1621302,Oasis Dubai Inn,Boutique Hotel,United Arab Emirates,2023-01-03,2023-01-04,7,1238.08,577.77,1.3,Confirmed,PayPal,2023-03-22,missing customer_name
BK007219,,,+971-41-2329341,Palm Tokyo Residences,Budget Hotel,Italy,2022-06-02,2022-06-07,25,13871.89,3849.45,,Cancelled,debit_card,2023-06-24,missing customer_name
BK005639,David Rodriguez,david.rodriguez418 at mail.com,(+35) 543-542084,Desert Sydney Spa & Resort,hotel,Singapore,2023-12-09,2023-12-11,-29,1373.4,1881.26,4.1,Cancelled,CREDIT_CARD,28/12/2022,invalid nights (-29)
BK002830,,user020@yahoo.com,866565264,Golden Paris Residences,HOTEL,france,2022-11-01,2022-11-27,7,6209.05,28084.16,2.0,Cancelled,,2023-04-05,missing customer_name
BK005451,"BROWN, CHRISTOPHER",brown.christopher942@mail.com,(+63) 399-689000,Summit Sydney Villas,Boutique Hotel,france,2022-08-15,2022-09-06,28,1357.07,8103.7,9.0,pending,Bank Transfer,2023-11-20,rating out of range (9.0)
BK001174,Christopher Wilson,christopher.wilson988@outlook.com,(+11) 130-038588,Royal Rome Palace,Budget Hotel,Spain,2022-01-18,2022-02-04,-8,14922.71,6589.37,3.0,refunded,Credit Card,2023-04-26,invalid nights (-8)
BK006210,Susan Perez,susan.perez825@mail.com,189161746,Grand Singapore Villas,Budget Hotel,KSA,2022-03-28,2022-03-31,-22,3684.2,1834.62,4.2,confirmed,debit_card,2023-11-26,invalid nights (-22)
BK005064,Joseph Martinez,joseph.martinez641@mail.com,086041387,Coral Munich Inn,Budget Hotel,france,2022-11-19,2022-12-12,23,714.51,29742.68,7.4,refunded,debit_card,2021-03-04,rating out of range (7.4)
BK005441,,user822@mail.com,,Royal New York Residences,Boutique Hotel,KSA,2022-04-27,2022-05-06,24,"5819,13",5937.3,1.3,pending,,2021-09-24,missing customer_name
BK009330,,user467@yahoo.com,00971938981341,Palm Barcelona Lodge,Resort,Germany,25/12/2022,2023-01-08,-24,664.07,16624.16,3.2,CONFIRMED,PayPal,03/07/2021,missing customer_name; invalid nights (-24)
BK005245,,user555@mail.com,021953016,Sunset Sydney Suites,Hotel,Japan,2022-06-06,2022-06-08,1,5328.69,1799.9,2.2,Cancelled,PayPal,2021-10-01,missing customer_name
BK001105,Mark Williams,mark.williams827@gmail.com,+971-63-8126208,Royal London Lodge,Boutique Hotel,france,30/11/2024,2024-12-25,-26,11926.09,5253.75,5.0,refunded,crypto,2021-02-05,invalid nights (-26)
BK010603,,user679@yahoo.com,(+40) 989-381788,Coral Sydney Suites,Hotel,US,2022-11-14,2022-12-02,5,3414.7,16321.14,4.8,confirmed,PayPal,2022-10-27,missing customer_name
BK002231,Michael Anderson,michael.anderson953@mail.com,00971413584610,Oasis Mumbai Suites,HOTEL,Japan,2024-04-28,2024-05-13,-9,9414.06,25129.2,,Cancelled,,2021-12-03,invalid nights (-9)
BK008923,Mary Thomas,mary.thomas932@yahoo.com,416499687,Coral Riyadh Retreat,Apartment,United Kingdom,2023-11-21,2023-12-10,28,13571.41,35301.24,7.2,pending,credit_card,2022-10-31,rating out of range (7.2)
BK001372,,user500@hotmail.com,609659465,Royal Rome Residences,Boutique Hotel,United Kingdom,07-19-2023,2023-07-26,14,2607.88,13364.68,,Confirmed,CREDIT_CARD,2024-10-23,missing customer_name
BK010084,Daniel Lopez,daniel.lopez106@hotmail.com,,Oasis Munich Palace,Apartment,France,2023-04-29,2023-04-30,-8,1089.94,690.42,3.1,CONFIRMED,,08-23-2024,invalid nights (-8)
BK008729,Daniel Jones,daniel.jones833@outlook.com,,Summit Munich Lodge,Apartment,United Arab Emirates,2024-08-10,2024-08-22,30,5939.74,23506.56,7.8,refunded,crypto,13/09/2021,rating out of range (7.8)
BK003528,Daniel Thompson,daniel.thompson768@yahoo.com,00971227683376,Coral Tokyo Resort,Villa,Japan,2023-01-25,2023-02-24,-9,$6328.1,10534.2,1.8,pending,bank_transfer,2022-08-12,invalid nights (-9)
BK003684,Patricia White,,+971-71-3914114,Royal Paris Suites,Resort,uae,2023-05-28,2023-06-13,28,6299.25,,9.2,CONFIRMED,PayPal,2022-11-08,rating out of range (9.2)
BK010451,,user049@gmail.com,00971740812563,Golden Sydney Lodge,Apartment,France,24/06/2024,2024-07-19,19,3033.96,40036.5,2.2,CANCELLED,Credit Card,2024-11-17,missing customer_name
BK009658,,user943@gmail.com,+971-90-7324351,Golden Sydney Villas,HOTEL,United States,2023-05-31,2023-06-03,25,14578.46,2049.57,4.8,confirmed,debit_card,2022-09-13,missing customer_name
BK010504,"WHITE, LISA",white.lisa227@gmail.com,124747144,Golden Munich Residences,hotel,Singapore,2022-07-04,2022-07-21,21,10510.24,24861.99,5.4,Pending,,2021-04-12,rating out of range (5.4)
BK001200,CHARLES DAVIS,charles.davis932@yahoo.com,00971562067569,Golden London Hotel,HOTEL,uae,2022-11-18,2022-12-16,19,7250.29,15506.68,7.6,Cancelled,debit_card,2023-04-23,rating out of range (7.6)
BK008674,nancy thomas,nancy.thomas906@gmail.com,00971278405392,Royal Paris Resort,Hotel,Thailand,2022-10-21,2022-10-31,-28,3309.88,10984.9,3.7,Confirmed,Bank Transfer,2021-03-21,invalid nights (-28)
BK001199,,user088@mail.com,+971-45-8681383,Royal Singapore Retreat,Resort,KSA,2022-10-30,2022-11-04,-29,$145.62,4737.1,3.5,cancelled,paypal,2023-12-21,missing customer_name; invalid nights (-29)
BK010372,,user888@gmail.com,156800749,Palm Rome Villas,Villa,KSA,2022-01-08,2022-01-29,15,7877.19,32806.2,1.3,refunded,,15/10/2024,missing customer_name
BK003756,Michael Jones,michael.jones743@outlook.com,(+44) 877-867990,Silver Sydney Resort,Luxury Hotel,Germany,2024-03-24,2024-03-25,-13,5121.77,1719.36,1.5,Pending,Credit Card,2024-11-07,invalid nights (-13)
BK010146,David Thompson,david.thompson032@yahoo.com,+971-31-2706800,Marina Paris Lodge,Boutique Hotel,FRANCE,29/12/2024,2025-01-15,-12,2577.66,14179.7,3.3,Cancelled,Bank Transfer,2021-02-14,invalid nights (-12)
BK005433,,user262@hotmail.com,(+74) 936-381536,Palm Mumbai Resort,Resort,United States,2023-05-05,2023-05-25,26,$11272.29,34303.0,1.7,CONFIRMED,debit_card,2023-10-22,missing customer_name
BK010059,,user470@yahoo.com,(+75) 868-387174,Azure Munich Residences,hotel,Saudi Arabia,2023-04-21,2023-05-12,18,11994.42,1909.32,4.1,CANCELLED,PayPal,07-02-2022,missing customer_name
BK003681,,user240@yahoo.com,00971675254559,Sunset London Spa & Resort,Hostel,france,2023-11-14,2023-11-17,-19,9954.45,3751.05,4.6,confirmed,crypto,2024-05-04,missing customer_name; invalid nights (-19)
BK009009,"JACKSON, ANTHONY",jackson.anthony585@yahoo.com,,Silver Dubai Inn,Boutique Hotel,Thailand,2022-05-13,2022-05-27,17,4638.1,1961.96,9.0,refunded,Credit Card,07/04/2022,rating out of range (9.0)
BK001797,Lisa White,lisa.white592@gmail.com,,Golden Singapore Inn,Boutique Hotel,France,2024-09-24,2024-10-24,-9,2112.37,25988.4,1.2,refunded,crypto,2021-11-19,invalid nights (-9)
BK009268,Susan Martinez,susan.martinez323@hotmail.com,624835414,Golden Munich Spa & Resort,Boutique Hotel,USA,2024-09-05,2024-09-16,-3,$3950.89,3178.56,3.4,confirmed,Credit Card,29/10/2021,invalid nights (-3)
BK009800,,user230@yahoo.com,355973191,Golden Singapore Villas,Apartment,USA,2022-09-25,2022-10-17,15,7279.94,16239.96,1.4,CANCELLED,Bank Transfer,2021-05-11,missing customer_name
BK011658,,user324@hotmail.com,00971999909812,Royal Rome Residences,Hostel,United States,2023-01-28,2023-02-24,8,7749.9,30755.7,1.4,Cancelled,PayPal,13/11/2021,missing customer_name
BK003560,nancy jones,nancy.jones764@gmail.com,+971-31-1208919,Golden Paris Resort,Budget Hotel,UAE,2024-02-07,2024-02-19,12,12580.95,1844.76,9.0,Confirmed,,2024-11-15,rating out of range (9.0)
BK004847,,user874@hotmail.com,(+33) 203-728347,Golden Barcelona Palace,Budget Hotel,france,2023-02-16,2023-03-18,20,"1709,1",8385.6,2.7,pending,PayPal,2024-05-24,missing customer_name
BK009767,Sarah Garcia,sarah.garcia818@hotmail.com,00971304442016,Royal Riyadh Residences,Boutique Hotel,Japan,2023-01-10,2023-01-24,30,4540.44,16128.14,6.4,Confirmed,credit_card,2021-07-16,rating out of range (6.4)
BK001527,Karen Martin,,189765094,Oasis Munich Residences,hotel,France,04-22-2024,2024-05-18,8,11696.74,21188.7,8.6,confirmed,bank_transfer,2022-01-18,rating out of range (8.6)
BK005364,,user079@gmail.com,,Royal Tokyo Resort,Villa,United Kingdom,2022-12-04,2023-01-01,14,$12071.41,31689.56,4.3,cancelled,Credit Card,2023-04-22,missing customer_name
BK001919,,user679@gmail.com,,Grand New York Palace,hotel,Spain,12-26-2024,2025-01-23,-21,5622.51,25827.2,3.0,CONFIRMED,CREDIT_CARD,2021-04-28,missing customer_name; invalid nights (-21)
BK011347,,user494@outlook.com,+971-03-1607799,Summit Munich Hotel,Budget Hotel,UK,2022-06-29,2022-07-11,14,526.59,20066.04,2.4,cancelled,,2021-09-30,missing customer_name
BK006654,"GONZALEZ, CHRISTOPHER",gonzalez.christopher840@outlook.com,00971266630191,Coral London Palace,Apartment,Japan,2023-02-05,2023-02-22,14,"6365,8",21245.75,8.6,confirmed,Credit Card,2023-09-11,rating out of range (8.6)
BK001931,Matthew Smith,matthew.smith297@outlook.com,239594601,Golden London Hotel,Villa,Italy,2023-05-31,2023-06-05,3,11581.58,6462.0,8.8,Pending,CREDIT_CARD,2023-09-04,rating out of range (8.8)
BK009431,"WHITE, WILLIAM",white.william867@yahoo.com,526173163,Silver Mumbai Retreat,Villa,United Arab Emirates,25/04/2024,2024-05-02,28,6041.71,1373.19,6.0,CONFIRMED,paypal,2023-01-04,rating out of range (6.0)
BK010167,Joseph Thompson,joseph.thompson986@yahoo.com,00971088004424,Coral London Hotel,HOTEL,India,2024-05-26,2024-06-05,18,959.19,17381.6,9.2,CONFIRMED,Bank Transfer,12/12/2024,rating out of range (9.2)
BK002367,Margaret Jackson,margaret.jackson483 at mail.com,+971-48-0471233,Silver Rome Palace,Budget Hotel,United Arab Emirates,2022-05-23,2022-06-06,4,8864.41,9495.22,9.4,CONFIRMED,bank_transfer,2023-07-16,rating out of range (9.4)
BK010323,,user201@hotmail.com,224133268,Royal Mumbai Lodge,Resort,france,2023-09-16,2023-09-20,17,9054.73,7957.6,,Confirmed,PayPal,2023-12-15,missing customer_name
BK010511,Joseph Anderson,joseph.anderson508@mail.com,809069324,Silver Dubai Retreat,Boutique Hotel,USA,2022-09-16,2022-10-09,23,"11413,24",35628.15,7.4,Pending,Credit Card,2021-01-05,rating out of range (7.4)
BK000155,Susan Wilson,susan.wilson681 at yahoo.com,(+50) 485-926593,Silver New York Resort,Resort,france,2023-05-16,2023-06-06,17,2541.08,13830.39,9.8,refunded,debit_card,2022-08-12,rating out of range (9.8)
BK009824,,user093@hotmail.com,(+48) 377-926828,Sunset Munich Suites,HOTEL,Singapore,2023-03-24,2023-04-06,23,$6959.35,17450.81,4.4,cancelled,bank_transfer,2023-07-24,missing customer_name
BK003200,JOHN THOMAS,john.thomas629@yahoo.com,+971-19-1731867,Oasis Munich Inn,Budget Hotel,KSA,2022-04-09,2022-05-09,22,$3234.36,10115.4,5.8,Confirmed,Bank Transfer,2021-01-31,rating out of range (5.8)
BK005408,Jennifer Rodriguez,jennifer.rodriguez781@hotmail.com,827599493,Palm Barcelona Inn,Hotel,United Kingdom,2024-12-29,2025-01-04,-20,14432.3,10099.44,8.4,refunded,credit_card,2021-03-06,invalid nights (-20); rating out of range (8.4)
BK011961,Anthony Smith,anthony.smith071@yahoo.com,(+69) 884-082125,Azure Barcelona Palace,Luxury Hotel,Australia,2024-03-14,2024-04-07,-4,6015.87,,1.2,Confirmed,bank_transfer,04-07-2023,invalid nights (-4)
BK002250,Karen Martin,karen.martin094 at mail.com,141067230,Palm Rome Inn,hotel,UK,2024-01-06,2024-01-29,-18,3502.67,7970.42,3.0,CONFIRMED,bank_transfer,2024-02-11,invalid nights (-18)
BK007284,Barbara Martinez,barbara.martinez232 at mail.com,+971-79-4916675,Summit Riyadh Spa & Resort,HOTEL,france,2022-01-26,2022-02-18,-17,1974.49,5058.62,2.7,Confirmed,credit_card,2024-08-10,invalid nights (-17)
BK008014,Joseph Jackson,joseph.jackson048@hotmail.com,(+66) 422-168831,Palm Riyadh Hotel,Apartment,Singapore,01/02/2023,2023-02-16,15,13765.39,25636.95,6.4,Pending,credit_card,2021-08-31,rating out of range (6.4)
BK007755,,user870@mail.com,00971096689888,Marina New York Palace,Apartment,Germany,2022-02-12,2022-02-15,16,50.31,684.81,1.2,confirmed,Bank Transfer,25/02/2021,missing customer_name
BK011087,Jennifer Garcia,jennifer.garcia385@mail.com,256371957,Palm Barcelona Residences,Hotel,Australia,2023-05-10,2023-06-02,30,4899.42,12381.59,9.4,confirmed,crypto,2022-12-27,rating out of range (9.4)
BK003292,karen miller,karen.miller620 at outlook.com,,Azure Tokyo Villas,Hotel,Italy,2024-07-16,2024-07-26,-2,4535.99,17433.5,4.3,CANCELLED,Credit Card,2023-05-20,invalid nights (-2)
BK002928,Richard Thompson,richard.thompson574@mail.com,034382614,Royal Paris Inn,Hostel,france,2024-09-20,2024-10-02,14,$604.08,19620.72,9.8,CONFIRMED,,2024-12-28,rating out of range (9.8)
BK009875,,user814 at mail.com,836442807,Grand Riyadh Retreat,hotel,Singapore,20/12/2024,2025-01-05,13,14985.84,13739.2,4.2,confirmed,crypto,2022-02-24,missing customer_name
BK007644,betty perez,betty.perez380@yahoo.com,437562256,Silver London Hotel,Hotel,Spain,2022-11-02,2022-11-21,24,12721.17,9517.48,5.4,Confirmed,PayPal,2022-04-26,rating out of range (5.4)
BK010774,,user292@outlook.com,00971939576343,Summit Rome Villas,Villa,United States,2022-04-14,2022-04-29,28,$8694.2,9761.55,2.5,pending,Credit Card,2021-05-22,missing customer_name
BK002598,,user622 at yahoo.com,00971887002864,Sunset Mumbai Lodge,Budget Hotel,Australia,2023-08-12,2023-08-16,17,12794.21,1292.08,4.9,refunded,,2022-09-22,missing customer_name
BK010365,Lisa Garcia,lisa.garcia920 at outlook.com,00971124699315,Sunset Singapore Villas,Luxury Hotel,FRANCE,2024-04-14,2024-04-28,6,$7399.56,24500.14,6.8,Cancelled,PayPal,2024-11-08,rating out of range (6.8)
BK004087,,user172@yahoo.com,00971988723813,Grand London Resort,Apartment,United Arab Emirates,2022-06-30,2022-07-19,26,3896.83,3963.21,7.6,CANCELLED,credit_card,2024-03-20,missing customer_name; rating out of range (7.6)
BK003907,William Williams,william.williams008@gmail.com,(+74) 944-342722,Oasis Sydney Retreat,Hotel,Germany,2024-03-11,2024-03-23,-6,4524.19,18582.0,3.4,pending,crypto,2021-10-16,invalid nights (-6)
BK011583,,user688@yahoo.com,(+79) 691-260095,Summit Mumbai Inn,hotel,US,2024-10-10,2024-10-17,22,5239.8,8557.08,1.0,CANCELLED,Credit Card,2024-04-18,missing customer_name
BK009034,James Williams,james.williams182@yahoo.com,(+34) 097-994548,Golden Mumbai Residences,hotel,france,2023-09-17,2023-10-05,8,$1941.99,32520.42,6.2,pending,bank_transfer,2021-02-07,rating out of range (6.2)
BK002408,Linda Rodriguez,linda.rodriguez228@outlook.com,+971-77-3867125,Golden New York Suites,Hotel,Japan,19/09/2022,2022-10-13,-26,12935.71,8577.12,2.9,pending,CREDIT_CARD,2024-10-10,invalid nights (-26)
BK005915,Sandra Martinez,sandra.martinez115@outlook.com,,Desert Barcelona Suites,HOTEL,India,2023-03-26,2023-04-10,-24,$5433.19,14488.05,,refunded,debit_card,2021-10-20,invalid nights (-24)
BK005375,,user292@gmail.com,00971808694221,Coral New York Inn,Boutique Hotel,Thailand,2023-02-03,2023-02-07,5,139.72,4370.68,2.5,Confirmed,CREDIT_CARD,2021-12-30,missing customer_name
BK008824,Matthew Jackson,matthew.jackson670@gmail.com,(+18) 990-067275,Coral Barcelona Hotel,HOTEL,Thailand,2024-01-20,2024-02-05,-15,14586.58,12179.68,8.4,CANCELLED,Credit Card,2022-11-18,invalid nights (-15); rating out of range (8.4)
BK002607,,user919@gmail.com,00971330513362,Sunset Barcelona Villas,Apartment,Germany,2022-08-03,2022-08-20,9,7218.44,1679.43,4.1,CANCELLED,Bank Transfer,2023-03-13,missing customer_name
BK000810,,user874@yahoo.com,(+80) 221-718166,Sunset Riyadh Inn,Resort,Australia,2022-09-21,2022-10-13,27,11459.67,14368.64,1.5,cancelled,credit_card,12-30-2023,missing customer_name
BK004685,Betty Brown,betty.brown635@gmail.com,,Silver Sydney Suites,Villa,United Arab Emirates,2024-09-08,2024-09-19,8,8085.77,15862.44,9.8,CANCELLED,Bank Transfer,13/03/2022,rating out of range (9.8)
BK006809,Karen Miller,karen.miller622@hotmail.com,+971-30-3708209,Sunset Rome Residences,Villa,India,2022-02-27,2022-03-28,-12,9973.97,11954.67,1.5,CONFIRMED,paypal,2023-08-25,invalid nights (-12)
BK003600,KAREN MOORE,karen.moore188@mail.com,+971-79-1695435,Desert Dubai Suites,HOTEL,KSA,2023-12-04,2023-12-09,-11,417.15,8533.8,3.6,cancelled,CREDIT_CARD,2021-11-26,invalid nights (-11)
BK011041,Thomas Taylor,,(+59) 486-489693,Palm Tokyo Inn,HOTEL,Australia,07-05-2023,2023-07-30,24,7441.1,5892.25,6.8,pending,Bank Transfer,2023-08-14,rating out of range (6.8)
BK010800,Sandra Hernandez,sandra.hernandez291@mail.com,436298542,Desert Mumbai Lodge,Boutique Hotel,USA,2024-11-07,2024-11-30,-3,4815.32,31626.84,3.5,Confirmed,Bank Transfer,2023-02-03,invalid nights (-3)
BK005343,Thomas White,thomas.white943@gmail.com,571060322,Sunset Munich Suites,Apartment,Saudi Arabia,02-28-2023,2023-03-05,-2,1428.13,1231.7,1.2,Cancelled,Credit Card,02/02/2023,invalid nights (-2)
BK003584,"MILLER, DAVID",miller.david296@yahoo.com,+971-21-5961980,Sunset Singapore Villas,Luxury Hotel,france,2023-01-14,2023-01-29,-30,10063.32,9717.0,3.4,Pending,bank_transfer,2021-10-21,invalid nights (-30)
BK006400,JOHN BROWN,john.brown308@gmail.com,(+61) 180-202951,Palm Rome Inn,Budget Hotel,UAE,2022-10-25,2022-10-28,-16,14806.28,2427.18,7.4,CANCELLED,Bank Transfer,2021-01-11,invalid nights (-16); rating out of range (7.4)
BK010313,,user037@hotmail.com,(+17) 593-208739,Grand Rome Resort,Boutique Hotel,India,2023-12-30,2023-12-31,18,14985.84,1989.18,3.6,CANCELLED,,2022-01-23,missing customer_name
BK007398,"MOORE, SUSAN",moore.susan156@yahoo.com,00971371680987,Palm Barcelona Palace,Boutique Hotel,France,2024-11-04,2024-11-13,-17,4560.95,3262.95,3.2,CANCELLED,CREDIT_CARD,06-16-2023,invalid nights (-17)
BK004700,David Williams,david.williams044@gmail.com,(+33) 323-178400,Desert Barcelona Resort,Resort,KSA,2023-05-24,2023-06-19,26,12245.38,43701.84,8.8,cancelled,Credit Card,08-12-2024,rating out of range (8.8)
BK008947,Jessica Brown,jessica.brown127@hotmail.com,415686263,Coral Tokyo Lodge,hotel,Italy,2024-07-19,2024-07-25,28,11389.49,7870.8,8.6,cancelled,bank_transfer,2024-02-29,rating out of range (8.6)
BK008927,,user319@outlook.com,00971926387659,Sunset Barcelona Spa & Resort,Villa,Saudi Arabia,2022-03-25,2022-04-04,14,9842.32,7162.6,4.8,pending,CREDIT_CARD,2022-08-01,missing customer_name
BK006195,,user073@gmail.com,+971-94-6889872,Azure London Resort,Boutique Hotel,US,2022-04-17,2022-05-05,7,9025.36,12019.68,2.5,Pending,Credit Card,2024-08-06,missing customer_name
BK005179,,user384@gmail.com,(+23) 497-116290,Marina London Villas,Boutique Hotel,Saudi Arabia,23/12/2023,2024-01-14,14,12838.38,9206.56,3.7,cancelled,CREDIT_CARD,2022-05-16,missing customer_name
BK001716,Anthony Williams,anthony.williams471@gmail.com,+971-31-3236686,Coral Sydney Lodge,Apartment,France,2023-03-22,2023-03-31,-13,10724.56,9637.2,2.9,Pending,,2022-03-16,invalid nights (-13)
BK006088,,user411@outlook.com,+971-66-2201311,Marina Barcelona Inn,Hostel,Saudi Arabia,2022-08-23,2022-09-05,10,"7632,26",24526.19,1.2,Cancelled,CREDIT_CARD,2022-10-28,missing customer_name
BK001004,,user136@yahoo.com,+971-60-2377834,Marina London Suites,Boutique Hotel,UAE,2023-03-18,2023-03-26,8,12857.45,2231.52,2.2,Pending,credit_card,2023-09-02,missing customer_name
BK007273,"MILLER, DAVID",miller.david620@outlook.com,128089263,Summit Rome Residences,HOTEL,france,2023-09-03,2023-09-27,-7,3971.45,19135.44,3.0,refunded,Credit Card,2024-11-19,invalid nights (-7)
BK002088,Jessica Thomas,jessica.thomas376@gmail.com,(+37) 440-157424,Royal London Lodge,hotel,US,2023-10-02,2023-10-20,-29,710.23,19033.38,3.2,Pending,,2023-05-22,invalid nights (-29)
BK000770,Mark Hernandez,mark.hernandez783@hotmail.com,+971-36-3875278,Coral Rome Spa & Resort,Apartment,Spain,15/05/2023,2023-06-01,-10,450.09,4958.39,2.4,pending,paypal,2022-11-13,invalid nights (-10)
BK009302,,user052 at hotmail.com,391060767,Grand Sydney Residences,Apartment,United Arab Emirates,05-23-2024,2024-06-07,23,2271.57,12599.25,4.5,Confirmed,Bank Transfer,2023-12-01,missing customer_name
BK009784,Daniel Moore,daniel.moore904@gmail.com,+971-33-4722089,Desert Rome Spa & Resort,Hotel,KSA,2023-05-12,2023-06-03,-2,1661.87,38699.32,5.0,cancelled,paypal,2023-06-15,invalid nights (-2)
BK006273,Margaret Gonzalez,margaret.gonzalez858@mail.com,00971372777839,Oasis Riyadh Inn,hotel,uae,2023-01-17,2023-02-14,-15,4933.31,51009.84,4.6,Pending,bank_transfer,2023-03-31,invalid nights (-15)
BK005825,,user779@hotmail.com,00971150301716,Grand Paris Inn,hotel,UAE,2024-12-01,2024-12-30,19,12413.14,4805.88,3.5,Cancelled,,2021-11-18,missing customer_name
BK007029,Jennifer Moore,jennifer.moore639@hotmail.com,436891766,Silver Barcelona Inn,hotel,Thailand,2022-07-13,2022-08-07,2,2670.5,35798.0,8.8,refunded,Credit Card,2022-09-14,rating out of range (8.8)
BK005201,Barbara Hernandez,barbara.hernandez138@outlook.com,00971964252587,Palm Munich Suites,Hotel,US,2024-01-15,2024-02-12,-13,2191.11,10754.52,4.4,CONFIRMED,bank_transfer,2024-04-09,invalid nights (-13)
BK006523,Jessica Lopez,jessica.lopez261@hotmail.com,(+5) 128-150916,Golden Dubai Villas,hotel,UK,2022-05-03,2022-05-13,-2,14916.16,4864.5,1.1,Cancelled,debit_card,2024-01-13,invalid nights (-2)
BK005394,,user404@mail.com,+971-64-0906996,Royal Paris Resort,Boutique Hotel,United States,2023-10-17,2023-11-10,1,481.61,6201.12,5.6,CONFIRMED,PayPal,2024-01-26,missing customer_name; rating out of range (5.6)
BK008749,,user501@gmail.com,+971-09-3368522,Royal Singapore Resort,Hotel,france,2022-02-10,2022-02-20,10,8189.65,5947.3,4.2,confirmed,crypto,2022-01-21,missing customer_name
BK008329,,user273 at outlook.com,(+82) 828-998633,Grand London Inn,hotel,France,2023-04-17,2023-05-11,20,$12045.75,20771.52,4.9,Cancelled,Bank Transfer,2023-01-10,missing customer_name
BK006993,Barbara Gonzalez,barbara.gonzalez644@yahoo.com,00971555427841,Desert Munich Suites,Resort,uae,2024-09-28,2024-10-15,-10,4403.38,7405.54,3.7,Confirmed,,2023-09-27,invalid nights (-10)
BK002441,,user524@outlook.com,(+62) 029-811026,Oasis Paris Villas,hotel,US,2024-09-08,2024-09-10,14,"14188,78",2424.38,1.4,Confirmed,PayPal,2024-12-01,missing customer_name
BK000253,William Garcia,william.garcia262@yahoo.com,(+85) 502-226703,Sunset New York Inn,Luxury Hotel,UAE,2024-08-15,2024-09-14,-15,9584.26,15436.2,4.6,CONFIRMED,Bank Transfer,2022-01-04,invalid nights (-15)
BK001721,Patricia Johnson,patricia.johnson379@gmail.com,078487096,Azure Paris Resort,HOTEL,Australia,2022-07-23,2022-07-29,-20,13727.91,9727.08,3.4,CONFIRMED,CREDIT_CARD,2021-01-01,invalid nights (-20)
BK006688,robert perez,robert.perez534@mail.com,+971-67-1335170,Azure Barcelona Villas,HOTEL,India,2022-08-12,2022-08-14,-8,$9067.62,2490.8,5.0,cancelled,,2021-12-20,invalid nights (-8)
BK007750,Linda Martin,linda.martin410@gmail.com,,Sunset Singapore Suites,Budget Hotel,Italy,2024-06-16,2024-06-20,-25,13165.48,1189.32,4.3,Confirmed,,2023-06-19,invalid nights (-25)
BK000450,,user213@outlook.com,00971766750599,Silver Riyadh Palace,hotel,United Arab Emirates,2023-05-25,2023-06-09,26,14585.57,9313.05,1.2,cancelled,credit_card,2021-11-14,missing customer_name
BK009270,,user047@yahoo.com,00971964123162,Marina Riyadh Hotel,Hostel,Germany,2023-12-07,2023-12-30,26,12956.29,22715.49,3.2,Confirmed,PayPal,2024-08-06,missing customer_name
BK004145,karen garcia,karen.garcia184@hotmail.com,055414543,Silver Sydney Residences,Villa,Italy,04/04/2023,2023-04-17,-16,7617.36,8506.81,2.6,Cancelled,credit_card,2024-01-23,invalid nights (-16)
BK007447,matthew lee,matthew.lee268@outlook.com,,Royal Tokyo Lodge,Hostel,United Kingdom,2023-04-29,2023-05-20,12,11676.69,28991.76,9.8,CANCELLED,Credit Card,2022-04-08,rating out of range (9.8)
BK004349,Jessica Miller,jessica.miller136@hotmail.com,00971183754203,Silver Paris Lodge,Hostel,USA,02-09-2022,2022-03-10,-10,14108.01,51941.61,3.2,Cancelled,bank_transfer,09/06/2023,invalid nights (-10)
BK001078,Mary White,mary.white288@hotmail.com,00971142729622,Marina Sydney Resort,Hostel,Italy,2024-04-03,2024-04-05,-4,10153.54,1068.58,,cancelled,debit_card,2021-06-09,invalid nights (-4)
BK007464,Michael Jackson,michael.jackson648@outlook.com,106759939,Oasis London Spa & Resort,Apartment,Singapore,2023-03-20,2023-04-06,-9,10061.54,14819.92,3.5,pending,crypto,10-03-2023,invalid nights (-9)
BK006291,,user456@mail.com,00971739270699,Golden Singapore Palace,Hotel,france,2023-09-06,2023-09-15,28,5228.01,5391.45,1.4,CONFIRMED,Bank Transfer,2022-04-04,missing customer_name
BK005107,mary garcia,mary.garcia108@yahoo.com,(+98) 968-396570,Palm New York Suites,Luxury Hotel,United States,2024-06-25,2024-07-07,20,5083.27,4821.0,7.2,Confirmed,paypal,2021-01-02,rating out of range (7.2)
BK005396,Lisa Perez,lisa.perez963@outlook.com,+971-92-9006438,Grand Paris Residences,Budget Hotel,US,2023-07-15,2023-07-18,17,8520.28,3155.91,6.8,Pending,CREDIT_CARD,2023-12-01,rating out of range (6.8)
BK009233,Betty Garcia,betty.garcia618@mail.com,+971-98-2997558,Oasis Dubai Inn,Hostel,UK,2024-08-20,2024-09-06,-23,1705.84,23904.38,1.6,pending,credit_card,2022-01-01,invalid nights (-23)
BK006436,Michael Martin,michael.martin395@mail.com,112871801,Palm Munich Spa & Resort,Villa,India,2022-12-10,2022-12-17,-22,3223.28,9976.12,2.0,CANCELLED,paypal,2024-05-06,invalid nights (-22)
BK004598,Robert Garcia,,294491237,Summit Riyadh Villas,Apartment,Italy,2023-11-12,2023-11-29,3,3280.55,2885.58,9.0,Cancelled,CREDIT_CARD,2021-10-05,rating out of range (9.0)
BK005035,,user788@gmail.com,(+78) 333-717709,Summit London Hotel,HOTEL,Spain,2022-05-06,2022-05-14,5,6440.98,11990.56,3.6,Pending,bank_transfer,2022-08-01,missing customer_name
BK004302,,user249@outlook.com,520790615,Palm Barcelona Spa & Resort,Hotel,FRANCE,2023-07-13,2023-07-17,5,4909.22,1082.28,4.2,cancelled,Credit Card,2022-02-19,missing customer_name
BK000369,"WHITE, SANDRA",white.sandra258@mail.com,,Golden Sydney Resort,Villa,Australia,2022-06-23,2022-07-03,17,5006.69,8518.2,7.6,confirmed,PayPal,2022-05-05,rating out of range (7.6)
BK003587,Robert Williams,robert.williams664@hotmail.com,999005312,Azure Singapore Spa & Resort,hotel,Italy,10/11/2023,2023-11-27,-5,12537.99,28411.25,2.2,CANCELLED,,2022-06-21,invalid nights (-5)
BK009025,Charles Lopez,charles.lopez315@outlook.com,,Palm Dubai Resort,HOTEL,Italy,01/10/2024,2024-10-11,-25,6952.19,11639.7,2.1,refunded,bank_transfer,16/03/2024,invalid nights (-25)
BK006501,John Johnson,john.johnson141@mail.com,+971-61-4128163,Desert Riyadh Hotel,Resort,UAE,2024-10-13,2024-11-02,-4,2687.81,35485.8,4.1,CANCELLED,paypal,2021-04-17,invalid nights (-4)
BK009311,"DAVIS, JOSEPH",davis.joseph509@gmail.com,(+92) 684-514934,Golden Tokyo Palace,Boutique Hotel,Thailand,2023-02-12,2023-03-01,-27,11525.45,28480.44,1.8,pending,PayPal,2021-05-09,invalid nights (-27)
BK010702,Michael Taylor,michael.taylor648@outlook.com,+971-48-6891860,Golden Mumbai Lodge,Apartment,Germany,2023-03-26,2023-04-11,-13,12496.85,3229.6,3.4,cancelled,paypal,27/08/2021,invalid nights (-13)
BK002344,James Anderson,james.anderson068@hotmail.com,00971671242318,Royal Sydney Resort,hotel,Germany,2024-01-25,2024-02-09,16,10342.14,10467.75,8.4,cancelled,paypal,2021-04-24,rating out of range (8.4)
BK007839,,user229@yahoo.com,030863854,Palm Singapore Spa & Resort,Budget Hotel,Germany,2023-07-01,2023-07-05,8,$13847.41,,3.9,CANCELLED,debit_card,2023-08-12,missing customer_name
BK002378,,user840@gmail.com,(+24) 496-647490,Desert Tokyo Inn,HOTEL,UK,2023-04-09,2023-04-17,3,14352.62,13624.16,3.6,confirmed,credit_card,2023-11-06,missing customer_name
BK002699,Robert Lopez,robert.lopez702@yahoo.com,00971983600386,Palm Rome Residences,Luxury Hotel,FRANCE,2024-12-22,2025-01-15,-27,9274.29,18236.64,4.4,refunded,CREDIT_CARD,2021-01-27,invalid nights (-27)
BK001075,,user298@gmail.com,00971131518365,Silver Mumbai Suites,Boutique Hotel,United Arab Emirates,2022-10-24,2022-10-25,30,10388.93,1554.25,1.8,pending,debit_card,2023-12-06,missing customer_name
BK003576,Patricia Miller,patricia.miller731@outlook.com,00971498705768,Oasis Dubai Resort,Boutique Hotel,Saudi Arabia,2022-01-04,2022-01-06,3,1517.65,3031.44,8.6,CONFIRMED,,2023-09-21,rating out of range (8.6)
BK011730,Matthew Moore,matthew.moore107 at mail.com,(+67) 515-635515,Grand London Residences,hotel,Australia,2022-03-07,2022-04-01,4,688.85,24750.0,5.2,cancelled,PayPal,2023-04-27,rating out of range (5.2)
BK005801,Margaret Miller,margaret.miller488@mail.com,+971-81-8735966,Palm Sydney Suites,Resort,Saudi Arabia,2023-03-07,2023-03-19,25,1527.85,16697.04,7.6,Pending,paypal,2022-06-17,rating out of range (7.6)
BK001485,,user080@gmail.com,+971-36-9065261,Sunset Munich Suites,Boutique Hotel,Saudi Arabia,09/10/2022,2022-10-18,20,1876.36,14166.36,1.3,confirmed,Credit Card,2024-05-02,missing customer_name
BK004584,Margaret Williams,,00971114175784,Summit Rome Spa & Resort,Hostel,France,2024-12-30,2025-01-03,-17,7688.63,311.36,2.2,refunded,CREDIT_CARD,2024-01-15,invalid nights (-17)
BK008761,,user174@gmail.com,00971254280206,Marina Mumbai Residences,Resort,Japan,2024-05-27,2024-06-25,9,9425.64,29809.1,1.3,cancelled,debit_card,2024-02-15,missing customer_name
BK008077,,user740@hotmail.com,(+66) 215-862109,Grand Paris Resort,Luxury Hotel,US,2023-05-01,2023-05-07,4,2147.12,5298.18,4.0,CONFIRMED,PayPal,2021-10-21,missing customer_name
BK010448,Jennifer Martinez,jennifer.martinez007@gmail.com,+971-91-7370307,Coral New York Suites,Hostel,Thailand,2022-10-31,2022-11-05,-20,14134.98,7694.95,4.8,refunded,CREDIT_CARD,2024-08-14,invalid nights (-20)
BK004572,Ashley Perez,ashley.perez621@gmail.com,(+30) 801-382867,Azure Barcelona Suites,Resort,Italy,2023-07-08,2023-08-03,-13,12372.24,30612.14,4.7,Pending,debit_card,29/03/2021,invalid nights (-13)
BK002158,barbara smith,barbara.smith297@mail.com,218153125,Sunset Barcelona Retreat,Hostel,United States,2022-03-04,2022-03-24,14,9763.9,27341.2,5.2,Confirmed,credit_card,15/08/2022,rating out of range (5.2)
BK002877,Linda Thomas,linda.thomas160@gmail.com,770337589,Golden Sydney Retreat,Resort,uae,2022-09-09,2022-09-13,3,11021.06,4513.4,8.8,Cancelled,PayPal,2021-04-27,rating out of range (8.8)
BK004861,,user352@yahoo.com,00971952638267,Oasis Paris Inn,Budget Hotel,Japan,13/07/2024,2024-07-15,27,14965.28,809.04,4.3,pending,PayPal,2022-01-29,missing customer_name
BK007314,,user309@outlook.com,(+91) 895-317266,Azure Barcelona Spa & Resort,Hotel,Australia,2023-05-28,2023-06-06,25,11655.53,586.53,4.8,Cancelled,crypto,18/09/2024,missing customer_name
BK008219,Linda Lee,linda.lee352@hotmail.com,,Oasis London Palace,Resort,UK,2023-07-27,2023-08-15,3,11678.42,11610.14,8.6,cancelled,paypal,2023-02-14,rating out of range (8.6)
BK007045,,user509@outlook.com,00971772833967,Coral London Retreat,Hotel,KSA,2023-10-16,2023-11-10,5,356.54,2524.5,7.4,Cancelled,,2022-01-08,missing customer_name; rating out of range (7.4)
BK007818,"WHITE, SANDRA",white.sandra925@gmail.com,+971-15-5002066,Coral Singapore Hotel,HOTEL,UK,2022-03-27,2022-04-20,-16,14745.03,24282.0,4.8,Confirmed,debit_card,10-04-2021,invalid nights (-16)
BK005880,Robert Thompson,robert.thompson891@hotmail.com,+971-12-7141697,Coral Munich Resort,Apartment,Spain,2022-08-27,2022-08-28,-11,105.15,,3.7,refunded,,04-02-2023,invalid nights (-11)
BK011488,Sandra Jackson,sandra.jackson339@gmail.com,,Grand Singapore Residences,Luxury Hotel,US,09/10/2024,2024-10-22,8,8204.6,17161.56,5.6,Confirmed,PayPal,2021-12-30,rating out of range (5.6)
BK011600,,user431@yahoo.com,00971533957754,Golden Mumbai Inn,HOTEL,Germany,2023-12-25,2024-01-01,24,$10163.97,12555.34,6.4,Cancelled,credit_card,2021-03-07,missing customer_name; rating out of range (6.4)
BK010714,Anthony Gonzalez,anthony.gonzalez380@mail.com,677371618,Summit Riyadh Residences,hotel,uae,2023-02-07,2023-02-26,1,8064.14,23930.88,9.0,cancelled,PayPal,06/08/2022,rating out of range (9.0)
BK011258,Susan Garcia,susan.garcia479@gmail.com,(+95) 712-332891,Royal Riyadh Retreat,Villa,United Kingdom,2022-06-28,2022-07-14,11,1417.75,23819.36,6.0,refunded,CREDIT_CARD,2021-02-13,rating out of range (6.0)
BK002503,Sarah Martinez,,+971-44-0721538,Azure Mumbai Spa & Resort,Hostel,UK,2024-05-28,2024-06-24,12,12310.71,45320.85,7.4,pending,debit_card,2024-07-17,rating out of range (7.4)
BK011667,Barbara Garcia,barbara.garcia447@yahoo.com,782415872,Oasis Munich Palace,Budget Hotel,US,2023-04-23,2023-04-25,2,$9401.16,408.46,10.0,Cancelled,crypto,2021-01-01,rating out of range (10.0)
BK011564,richard gonzalez,richard.gonzalez011@hotmail.com,00971523627611,Coral Riyadh Lodge,hotel,FRANCE,2023-03-20,2023-03-23,-25,$2517.08,1476.42,4.3,Cancelled,bank_transfer,2023-04-15,invalid nights (-25)
BK009047,,user150 at yahoo.com,00971784023090,Coral Barcelona Retreat,Apartment,Spain,03/10/2022,2022-11-01,22,"4450,65",17263.41,1.2,Pending,PayPal,2024-06-16,missing customer_name
BK007325,,user255@mail.com,065470708,Golden Riyadh Resort,Luxury Hotel,Spain,2022-09-21,2022-10-14,4,9587.62,19778.62,5.4,cancelled,CREDIT_CARD,2024-01-02,missing customer_name; rating out of range (5.4)
BK006410,Margaret Perez,margaret.perez808@outlook.com,00971043858999,Sunset Tokyo Residences,Luxury Hotel,Singapore,2022-09-08,2022-09-30,-16,13166.05,14479.3,3.0,pending,Bank Transfer,2021-09-12,invalid nights (-16)
BK008629,,user522@hotmail.com,(+64) 729-470838,Azure Rome Spa & Resort,Boutique Hotel,Italy,14/01/2022,2022-01-20,18,"7739,86",1248.72,4.6,CONFIRMED,crypto,04/03/2024,missing customer_name
BK001385,John Gonzalez,john.gonzalez457 at yahoo.com,00971697670140,Oasis Munich Inn,Apartment,UAE,2022-07-11,2022-07-27,-30,6702.17,3991.36,4.5,Pending,debit_card,31/03/2023,invalid nights (-30)
BK001973,matthew brown,matthew.brown495@gmail.com,(+42) 764-552372,Grand Munich Retreat,Budget Hotel,United Kingdom,2023-05-09,2023-05-17,28,12186.74,2770.72,9.6,CANCELLED,Credit Card,2021-09-04,rating out of range (9.6)
BK006152,Ashley Taylor,ashley.taylor961@mail.com,(+18) 442-147054,Grand Tokyo Residences,Resort,KSA,2024-08-28,2024-09-11,16,6028.85,3689.56,7.4,CANCELLED,Bank Transfer,2021-09-09,rating out of range (7.4)
BK007729,,user303@hotmail.com,00971716591209,Coral Munich Lodge,Hotel,UK,2024-05-28,2024-05-29,8,58.06,1118.57,4.5,Pending,CREDIT_CARD,2022-10-30,missing customer_name
BK001683,,,(+55) 851-057144,Sunset Barcelona Hotel,Villa,UAE,2024-08-28,2024-08-31,11,$10746.85,255.9,4.0,confirmed,paypal,2022-08-06,missing customer_name
BK000005,john taylor,john.taylor524@outlook.com,00971444769043,Golden Singapore Suites,Luxury Hotel,KSA,2024-09-21,2024-09-26,9,1177.0,7302.7,6.4,CONFIRMED,debit_card,2021-12-07,rating out of range (6.4)
BK002215,Matthew Martin,matthew.martin614@gmail.com,00971177025801,Summit Dubai Spa & Resort,Boutique Hotel,france,2022-08-01,2022-08-19,14,11752.73,12751.02,6.6,Cancelled,,2022-12-22,rating out of range (6.6)
BK002489,Margaret Lopez,margaret.lopez560@outlook.com,(+16) 172-189169,Golden Riyadh Hotel,Resort,UAE,2022-02-21,2022-02-25,21,12494.7,3889.56,7.4,Pending,crypto,2023-08-14,rating out of range (7.4)
BK004206,sandra smith,sandra.smith860@outlook.com,846697385,Coral London Suites,Apartment,USA,01/12/2022,2022-12-15,-5,1850.49,2130.8,3.7,Cancelled,debit_card,2024-10-22,invalid nights (-5)
BK005820,Ashley Martin,ashley.martin223@hotmail.com,00971045467553,Palm Dubai Residences,Apartment,United States,2024-10-30,2024-11-11,-2,8504.43,7506.24,1.6,Pending,CREDIT_CARD,2022-02-15,invalid nights (-2)
BK006400,JOHN BROWN,john.brown308@gmail.com,(+61) 180-202951,Palm Rome Inn,Budget Hotel,UAE,2022-10-25,2022-10-28,-16,14806.28,2427.18,7.4,CANCELLED,Bank Transfer,2021-01-11,invalid nights (-16); rating out of range (7.4)
BK011989,Mark Jones,mark.jones001@mail.com,(+35) 037-992851,Oasis New York Residences,HOTEL,france,2024-09-22,2024-10-11,-13,12644.98,35874.85,4.9,Cancelled,PayPal,2023-01-25,invalid nights (-13)
BK008366,,user185@hotmail.com,(+33) 155-044630,Desert Barcelona Spa & Resort,Luxury Hotel,Spain,2024-02-09,2024-02-20,22,989.96,6650.27,3.0,Pending,credit_card,2022-08-26,missing customer_name
BK001598,"DAVIS, SANDRA",davis.sandra240@mail.com,00971584293265,Desert Mumbai Inn,HOTEL,Singapore,2022-08-21,2022-09-01,15,6528.68,19316.55,9.8,refunded,crypto,2021-01-27,rating out of range (9.8)
BK008660,joseph gonzalez,joseph.gonzalez102@mail.com,+971-02-9803748,Silver Dubai Spa & Resort,Resort,India,2023-05-13,2023-06-04,-20,11347.97,16751.9,4.0,refunded,PayPal,2023-12-11,invalid nights (-20)
BK008992,,user528@hotmail.com,(+11) 129-998144,Grand Rome Residences,Hostel,Saudi Arabia,2023-04-30,2023-05-03,8,1885.88,1389.96,3.8,cancelled,debit_card,2022-09-19,missing customer_name
BK005989,Ashley Hernandez,ashley.hernandez753@outlook.com,(+13) 457-474816,Golden Rome Resort,Boutique Hotel,Germany,2023-11-02,2023-11-19,-26,1567.1,23074.44,1.0,refunded,Credit Card,2021-02-05,invalid nights (-26)
BK001497,"RODRIGUEZ, ASHLEY",rodriguez.ashley466@yahoo.com,+971-35-1908792,Coral Dubai Residences,Boutique Hotel,Singapore,2023-08-31,2023-09-04,9,7865.6,7467.68,7.8,Pending,,2022-05-15,rating out of range (7.8)
BK006776,Charles Lee,charles.lee191@gmail.com,+971-96-0009519,Royal Mumbai Residences,Hostel,United Arab Emirates,10/06/2024,2024-06-13,-23,10496.99,2118.21,5.0,Cancelled,Credit Card,08-10-2023,invalid nights (-23)
BK011896,Karen Lopez,karen.lopez094@outlook.com,00971875080329,Palm Sydney Palace,Budget Hotel,KSA,16/01/2023,2023-01-22,-2,14137.42,9688.38,1.4,Confirmed,bank_transfer,2023-05-10,invalid nights (-2)
BK008513,"ANDERSON, RICHARD",anderson.richard774@yahoo.com,+971-37-4828649,Golden Tokyo Suites,hotel,US,2024-07-25,2024-08-03,-25,$7422.48,7607.97,4.6,pending,crypto,2022-03-18,invalid nights (-25)
BK005665,mark white,mark.white656@outlook.com,+971-64-5237420,Coral Dubai Residences,Villa,Italy,2024-10-10,2024-11-05,4,1315.86,49593.18,10.0,CANCELLED,crypto,03-17-2023,rating out of range (10.0)
BK001392,mark white,,(+29) 252-459693,Oasis Rome Resort,hotel,UAE,2023-05-06,2023-05-11,18,3324.9,5042.9,8.6,confirmed,credit_card,2022-07-23,rating out of range (8.6)
BK005526,Nancy Brown,nancy.brown523 at mail.com,719416449,Golden Rome Residences,Boutique Hotel,UK,2022-08-13,2022-08-16,-23,6953.85,2357.91,4.7,cancelled,credit_card,2023-08-13,invalid nights (-23)
BK003246,Karen Miller,karen.miller377@mail.com,320369973,Sunset New York Villas,Apartment,France,2022-11-03,2022-11-13,-12,7032.27,12720.5,2.8,CONFIRMED,crypto,07-10-2023,invalid nights (-12)
BK004632,Ashley Smith,ashley.smith465@outlook.com,483874648,Grand Munich Lodge,Villa,Italy,2024-07-25,2024-08-07,19,12375.64,7496.84,8.6,CONFIRMED,PayPal,2021-04-07,rating out of range (8.6)
BK003346,Susan Brown,susan.brown389@mail.com,,Grand Dubai Suites,Budget Hotel,Japan,16/08/2022,2022-09-08,-24,1311.87,42794.26,5.8,CANCELLED,,04/11/2022,invalid nights (-24); rating out of range (5.8)
BK005198,,user425 at mail.com,,Summit Paris Residences,Luxury Hotel,UK,16/10/2023,2023-10-28,21,$5340.39,22178.64,1.1,refunded,bank_transfer,2023-01-15,missing customer_name
BK007329,Mary Williams,mary.williams824@mail.com,+971-42-9213992,Golden Dubai Suites,Luxury Hotel,United States,2022-11-17,2022-11-19,28,1988.45,916.16,9.0,cancelled,bank_transfer,2022-02-13,rating out of range (9.0)
BK005569,Michael Taylor,michael.taylor063@gmail.com,(+99) 058-779402,Summit Paris Resort,Boutique Hotel,UAE,2024-12-18,2025-01-12,-21,2969.84,43276.5,3.2,CANCELLED,debit_card,2024-02-25,invalid nights (-21)
BK006400,John Brown,john.brown308@gmail.com,(+61) 180-202951,Palm Rome Inn,Budget Hotel,UAE,2022-10-25,2022-10-28,-16,14806.28,2427.18,7.4,CANCELLED,Bank Transfer,2021-01-11,invalid nights (-16); rating out of range (7.4)
BK008066,Barbara Lopez,,00971726474450,Marina Munich Palace,Luxury Hotel,france,2022-12-05,2022-12-31,27,5579.76,30620.2,5.8,CANCELLED,bank_transfer,2024-10-05,rating out of range (5.8)
BK000673,Thomas Martin,thomas.martin117 at outlook.com,(+24) 218-237489,Royal Singapore Lodge,hotel,United Arab Emirates,2023-02-03,2023-02-20,4,2531.73,,5.2,refunded,Credit Card,2022-01-04,rating out of range (5.2)
BK009515,,user739@gmail.com,,Royal Mumbai Villas,HOTEL,Japan,2022-08-05,2022-08-08,6,7741.66,4698.15,4.7,Pending,PayPal,2024-02-04,missing customer_name
BK001774,Karen White,karen.white033@hotmail.com,(+63) 127-010563,Golden Rome Residences,Budget Hotel,Germany,2023-03-25,2023-04-03,18,14895.28,10861.47,6.4,cancelled,Credit Card,2024-11-20,rating out of range (6.4)
BK002041,Ashley Perez,ashley.perez002@hotmail.com,+971-69-2632221,Desert Mumbai Inn,Hotel,Thailand,2024-10-12,2024-10-18,6,8369.62,10235.04,8.8,cancelled,Credit Card,2024-11-25,rating out of range (8.8)
BK000699,Margaret Perez,margaret.perez170 at outlook.com,+971-68-4368198,Azure Rome Inn,Hotel,India,2023-03-20,2023-03-25,11,6895.78,5009.55,9.4,cancelled,Credit Card,20/12/2021,rating out of range (9.4)
BK001130,john gonzalez,john.gonzalez329@yahoo.com,00971913445160,Silver Mumbai Spa & Resort,Apartment,United States,2023-02-05,2023-02-14,-23,13971.29,8281.53,3.7,refunded,Credit Card,2023-05-25,invalid nights (-23)
BK010605,Matthew White,matthew.white669@gmail.com,292273726,Silver Riyadh Lodge,Resort,United Kingdom,2023-06-22,2023-07-04,17,1548.81,5055.48,8.2,refunded,bank_transfer,2022-02-16,rating out of range (8.2)
BK004660,christopher martin,christopher.martin214@hotmail.com,+971-49-6064313,Summit Singapore Hotel,Apartment,Saudi Arabia,2023-04-02,2023-04-28,28,10183.85,19649.24,10.0,Cancelled,paypal,2024-02-21,rating out of range (10.0)
BK010171,Patricia Martin,patricia.martin922@mail.com,258172279,Marina London Inn,Apartment,France,2022-05-31,2022-06-13,23,7339.39,8628.23,6.4,cancelled,crypto,2022-03-11,rating out of range (6.4)
BK003121,Ashley Johnson,ashley.johnson108@outlook.com,226954100,Palm Tokyo Retreat,Villa,france,2022-09-25,2022-10-16,-14,9712.88,41183.73,2.0,Pending,,2024-01-29,invalid nights (-14)
BK001738,,user380@outlook.com,+971-55-8243256,Silver Munich Lodge,Villa,france,2024-07-13,2024-07-14,21,3753.81,1581.86,,refunded,PayPal,2022-09-15,missing customer_name
BK003461,,user492@yahoo.com,366667128,Silver New York Hotel,Apartment,United States,2024-05-25,2024-05-30,2,"5747,78",5079.25,2.2,pending,PayPal,2021-08-07,missing customer_name
BK002350,Sarah Brown,sarah.brown722@yahoo.com,419035072,Golden New York Villas,Hotel,France,12-13-2022,2022-12-21,-2,$11631.95,13630.08,3.2,refunded,CREDIT_CARD,2023-03-08,invalid nights (-2)
BK000620,Michael Rodriguez,michael.rodriguez562@gmail.com,+971-78-0885024,Grand Singapore Suites,Apartment,UK,2024-04-03,2024-04-20,13,6510.42,32769.2,5.4,CONFIRMED,bank_transfer,2023-10-04,rating out of range (5.4)
BK001838,,user842@yahoo.com,784707752,Golden Singapore Resort,Boutique Hotel,USA,2023-10-27,2023-11-16,11,7294.47,,2.2,CONFIRMED,bank_transfer,2024-09-25,missing customer_name
BK005951,,user304@outlook.com,909297749,Oasis Sydney Spa & Resort,HOTEL,India,2024-08-31,2024-09-30,4,$3984.54,42441.6,3.8,confirmed,CREDIT_CARD,22/05/2021,missing customer_name
BK010384,Linda Rodriguez,linda.rodriguez017@mail.com,00971590404805,Azure Singapore Lodge,hotel,UK,2022-07-10,2022-07-29,12,3592.25,37572.31,6.2,cancelled,Credit Card,2022-06-14,rating out of range (6.2)
BK007328,Christopher Williams,,00971773880372,Marina Rome Residences,Hotel,KSA,2023-03-25,2023-04-22,-5,14513.36,54066.32,4.8,Cancelled,CREDIT_CARD,10-27-2021,invalid nights (-5)
BK007647,,user121@mail.com,(+11) 069-271048,Oasis Barcelona Resort,Apartment,USA,08-05-2024,2024-08-12,8,14017.24,7507.99,4.4,confirmed,debit_card,2021-12-02,missing customer_name
BK005818,Mark Wilson,mark.wilson049@mail.com,,Marina Barcelona Residences,HOTEL,Germany,28/03/2022,2022-04-02,24,7727.25,945.1,6.4,Confirmed,credit_card,03-26-2024,rating out of range (6.4)
BK010219,,,594074543,Grand Singapore Inn,hotel,KSA,2024-03-21,2024-04-07,27,"13259,4",11997.24,4.3,Confirmed,PayPal,2023-01-24,missing customer_name
BK010014,,,+971-05-2127051,Sunset Tokyo Retreat,Luxury Hotel,Germany,2023-06-27,2023-07-21,9,"12586,79",15443.28,4.8,Pending,paypal,2021-04-16,missing customer_name
BK001630,,user129@hotmail.com,+971-13-5297753,Royal Sydney Hotel,Hostel,uae,2024-10-08,2024-10-16,1,10866.52,14049.76,2.6,Pending,paypal,2022-02-17,missing customer_name
BK009437,Daniel Perez,daniel.perez148@outlook.com,946846588,Azure Paris Hotel,Resort,India,2023-10-04,2023-10-10,-19,6032.64,820.2,4.7,CONFIRMED,credit_card,2023-07-15,invalid nights (-19)
BK002300,Jessica Thomas,jessica.thomas061@hotmail.com,(+8) 269-730314,Golden Munich Residences,Resort,Spain,09/12/2022,2022-12-13,3,5045.76,5802.68,5.6,refunded,credit_card,05/02/2023,rating out of range (5.6)
BK007415,william garcia,william.garcia729@outlook.com,,Silver Tokyo Spa & Resort,Villa,France,2022-01-13,2022-01-24,-4,13597.56,3297.36,4.9,Confirmed,crypto,28/03/2022,invalid nights (-4)
BK004168,,user361@hotmail.com,00971984209942,Grand Rome Inn,Hotel,USA,2024-01-18,2024-01-29,14,7585.65,,,CONFIRMED,crypto,2022-04-19,missing customer_name
BK009227,Mary Martin,mary.martin466 at outlook.com,435318182,Sunset New York Inn,HOTEL,Australia,03-02-2024,2024-03-12,22,13341.24,5593.2,5.2,Confirmed,CREDIT_CARD,2023-03-11,rating out of range (5.2)
BK004228,Nancy Moore,,936408622,Azure New York Suites,HOTEL,United Arab Emirates,2024-07-09,2024-07-26,-29,2479.9,33373.21,1.4,Pending,crypto,2023-08-14,invalid nights (-29)
BK010750,,user293@yahoo.com,722001654,Azure Riyadh Palace,HOTEL,France,2022-08-11,2022-08-15,7,14633.11,2482.36,2.4,confirmed,crypto,02/08/2023,missing customer_name
BK011861,Linda Jackson,linda.jackson943@gmail.com,00971106617265,Silver Sydney Resort,hotel,India,2024-09-03,2024-09-21,20,1543.58,32337.18,8.0,CANCELLED,bank_transfer,2022-07-12,rating out of range (8.0)
BK010800,Sandra Hernandez,sandra.hernandez291@mail.com,436298542,Desert Mumbai Lodge,Boutique Hotel,USA,2024-11-07,2024-11-30,-3,4815.32,31626.84,3.5,Confirmed,Bank Transfer,2023-02-03,invalid nights (-3)
BK012000,LISA THOMPSON,lisa.thompson940@outlook.com,+971-20-1773361,Sunset Rome Inn,Villa,France,24/08/2023,2023-09-03,-5,11056.81,5770.5,1.7,CANCELLED,Credit Card,2022-02-22,invalid nights (-5)
BK010775,Betty Wilson,betty.wilson120@outlook.com,,Azure Paris Resort,Resort,UAE,2024-03-02,2024-03-31,-11,7869.4,52460.71,4.4,Cancelled,credit_card,2021-11-28,invalid nights (-11)
BK006885,,,+971-26-8766347,Grand Paris Retreat,Luxury Hotel,KSA,2023-05-21,2023-06-13,25,4889.4,43015.98,1.1,Cancelled,CREDIT_CARD,2024-01-04,missing customer_name
BK003860,lisa taylor,lisa.taylor284@mail.com,+971-72-6887805,Summit Mumbai Lodge,Resort,France,2022-07-31,2022-08-04,4,14531.11,5871.12,6.4,CONFIRMED,,2024-07-07,rating out of range (6.4)
BK008797,Ashley Williams,ashley.williams715@mail.com,+971-93-5828130,Oasis Barcelona Palace,Hostel,uae,2022-08-19,2022-09-04,26,$2969.91,1513.12,9.0,pending,PayPal,2024-12-22,rating out of range (9.0)
BK009983,,user593@mail.com,(+32) 886-349325,Coral Paris Inn,Hotel,Spain,2022-02-10,2022-02-18,15,2351.64,4199.6,2.9,refunded,Credit Card,2023-08-09,missing customer_name
BK000818,,user040@mail.com,,Palm Rome Hotel,Apartment,Saudi Arabia,2022-12-09,2023-01-05,-30,9397.84,50627.7,2.3,cancelled,credit_card,2024-04-18,missing customer_name; invalid nights (-30)
BK010951,Karen Lee,karen.lee460@hotmail.com,900674427,Desert London Residences,hotel,India,2023-12-24,2024-01-03,-3,3519.94,11490.7,1.1,Pending,bank_transfer,2023-10-26,invalid nights (-3)
BK004297,,user640@outlook.com,,Palm Dubai Retreat,hotel,USA,2023-08-04,2023-08-16,3,4857.44,2344.92,1.4,CONFIRMED,debit_card,2021-06-09,missing customer_name
BK003086,Matthew Garcia,matthew.garcia390@mail.com,798851432,Palm Rome Suites,Budget Hotel,Saudi Arabia,12-14-2023,2023-12-27,-19,5905.39,,1.4,Confirmed,,30/11/2021,invalid nights (-19)
BK003536,sandra anderson,sandra.anderson237@mail.com,00971112434657,Silver Singapore Palace,Hostel,KSA,2023-01-01,2023-01-07,18,13416.31,5579.58,7.4,CONFIRMED,Bank Transfer,2021-12-25,rating out of range (7.4)
BK000966,"THOMPSON, DANIEL",thompson.daniel398 at yahoo.com,+971-77-9922846,Grand Munich Resort,Apartment,India,2024-08-02,2024-08-09,6,8296.47,1609.58,9.2,confirmed,bank_transfer,2021-06-08,rating out of range (9.2)
BK008180,"LEE, WILLIAM",lee.william441@yahoo.com,(+9) 867-914258,Palm Sydney Retreat,Hostel,france,2023-05-02,2023-05-06,-12,10247.58,3938.88,4.3,CANCELLED,,04-21-2024,invalid nights (-12)
BK004716,Barbara Thompson,barbara.thompson741@gmail.com,+971-10-7529604,Golden Paris Spa & Resort,Hostel,United Kingdom,2024-10-14,2024-10-25,3,2759.17,19606.18,9.8,Cancelled,Credit Card,2023-02-15,rating out of range (9.8)
BK003039,,user703 at outlook.com,(+44) 340-497523,Oasis Mumbai Residences,HOTEL,India,10-02-2023,2023-10-07,29,10197.59,462.65,2.1,Pending,bank_transfer,2024-04-28,missing customer_name
BK008881,James Brown,james.brown885@outlook.com,+971-14-1822916,Summit Riyadh Palace,HOTEL,Germany,2024-07-23,2024-07-27,26,6623.43,1501.68,7.0,Confirmed,Bank Transfer,2023-11-05,rating out of range (7.0)
BK009719,"WILLIAMS, LINDA",williams.linda095@outlook.com,+971-56-0616760,Marina Riyadh Resort,Boutique Hotel,Japan,2022-10-05,2022-10-24,-4,$6633.15,10991.31,4.7,Pending,PayPal,2024-12-27,invalid nights (-4)
BK000715,William Taylor,william.taylor118@yahoo.com,(+41) 346-064162,Azure Tokyo Retreat,Hotel,Germany,2023-06-26,2023-07-10,21,934.4,14335.3,6.6,CONFIRMED,debit_card,2023-10-31,rating out of range (6.6)
BK011820,Thomas Rodriguez,thomas.rodriguez047@mail.com,477024658,Azure Munich Retreat,Villa,France,16/08/2022,2022-09-08,-9,$10968.02,6401.82,,CONFIRMED,bank_transfer,2021-01-02,invalid nights (-9)
BK000670,Patricia Perez,patricia.perez405@gmail.com,00971769556512,Desert Paris Villas,Apartment,US,2023-08-18,2023-09-08,-19,7926.49,8959.65,4.1,CONFIRMED,bank_transfer,2022-09-16,invalid nights (-19)
BK001692,,user509@hotmail.com,418112180,Golden Tokyo Lodge,Hotel,USA,2022-11-04,2022-11-22,7,11907.37,30711.6,4.9,cancelled,credit_card,2024-12-25,missing customer_name
BK002669,patricia wilson,patricia.wilson903@yahoo.com,205043872,Azure Tokyo Inn,Villa,Australia,2024-01-13,2024-01-17,20,2538.51,7179.2,10.0,CONFIRMED,PayPal,2022-12-11,rating out of range (10.0)
BK002063,Jessica Davis,jessica.davis020@yahoo.com,00971641176605,Summit New York Villas,Resort,United Arab Emirates,2023-05-04,2023-05-28,-23,10578.24,46311.6,1.6,refunded,debit_card,2021-04-08,invalid nights (-23)
BK010689,,user831 at mail.com,+971-26-3838199,Summit Rome Hotel,Hotel,uae,2023-11-19,2023-11-22,8,3118.44,3973.44,4.0,Confirmed,PayPal,2023-10-05,missing customer_name
BK001200,Charles Davis,charles.davis932@yahoo.com,00971562067569,Golden London Hotel,HOTEL,uae,2022-11-18,2022-12-16,19,7250.29,15506.68,7.6,Cancelled,debit_card,2023-04-23,rating out of range (7.6)
BK009652,,user122@mail.com,(+20) 319-483692,Grand Paris Retreat,Boutique Hotel,USA,2024-08-01,2024-08-13,23,2996.0,12385.92,1.8,Pending,Credit Card,2021-03-22,missing customer_name
BK010500,Michael Jones,michael.jones511@hotmail.com,(+4) 112-403421,Sunset New York Hotel,Boutique Hotel,United Kingdom,02/06/2024,2024-06-25,-22,6125.09,21102.96,2.1,confirmed,Credit Card,2024-09-27,invalid nights (-22)
BK002547,,user909@outlook.com,+971-91-6292475,Palm Munich Retreat,Hotel,USA,2022-12-12,2023-01-04,18,2109.32,2616.48,3.0,CANCELLED,paypal,2022-08-31,missing customer_name
BK001264,,user203@outlook.com,00971465607008,Grand Mumbai Inn,Resort,Italy,06/08/2023,2023-08-08,-19,1241.35,3860.64,3.3,refunded,Credit Card,04-03-2024,missing customer_name; invalid nights (-19)
BK003095,margaret johnson,margaret.johnson140@yahoo.com,+971-99-2290282,Palm Rome Hotel,Resort,India,2023-10-03,2023-10-13,18,464.71,4647.1,8.0,CONFIRMED,paypal,2024-04-20,rating out of range (8.0)
BK008115,John Davis,john.davis713@yahoo.com,146219833,Silver Riyadh Retreat,Boutique Hotel,Singapore,2022-04-10,2022-05-04,-22,6629.49,37573.68,1.7,cancelled,Bank Transfer,2022-08-29,invalid nights (-22)
BK010640,"GARCIA, MARGARET",garcia.margaret884@gmail.com,124002406,Silver Barcelona Villas,Villa,KSA,2024-04-11,2024-04-27,22,4176.63,6037.44,8.4,pending,credit_card,2023-04-12,rating out of range (8.4)
BK008917,matthew johnson,matthew.johnson291@gmail.com,00971282815344,Oasis Barcelona Hotel,hotel,Singapore,2023-06-04,2023-06-23,-28,12210.69,19425.6,2.9,confirmed,bank_transfer,2022-07-08,invalid nights (-28)
BK004348,James White,james.white298@yahoo.com,552381513,Grand Singapore Spa & Resort,Budget Hotel,United Arab Emirates,2022-08-21,2022-08-25,-19,"11762,43",6882.92,1.8,Confirmed,Bank Transfer,2021-12-24,invalid nights (-19)
BK011070,Margaret Taylor,margaret.taylor641@hotmail.com,,Grand Paris Suites,Luxury Hotel,Australia,2024-03-31,2024-04-30,3,$11969.5,2048.1,6.0,Pending,credit_card,2024-04-10,rating out of range (6.0)
BK000870,Ashley Lee,ashley.lee634@yahoo.com,+971-14-2228344,Palm Munich Retreat,Boutique Hotel,Germany,2022-07-25,2022-07-31,27,6150.17,433.44,6.8,Pending,,2021-01-12,rating out of range (6.8)
BK002395,,user682@outlook.com,400836861,Oasis London Resort,Hotel,Australia,2022-10-13,2022-10-22,14,12041.88,15256.98,,refunded,credit_card,2024-06-24,missing customer_name
BK005694,Mary Thomas,,822480711,Azure Dubai Lodge,hotel,United States,2022-12-16,2023-01-15,2,1812.05,34663.2,7.4,confirmed,bank_transfer,2022-03-27,rating out of range (7.4)
BK006117,Margaret Martinez,margaret.martinez025 at yahoo.com,(+79) 884-186188,Azure New York Villas,Apartment,KSA,2022-05-30,2022-06-14,13,$3214.18,11385.45,5.8,CANCELLED,Credit Card,2022-04-23,rating out of range (5.8)
BK010176,,user629@outlook.com,(+96) 218-678976,Summit Tokyo Hotel,hotel,India,2023-04-09,2023-04-18,1,8870.01,5000.85,4.5,confirmed,PayPal,2023-11-17,missing customer_name
BK010309,Mark Garcia,mark.garcia428@hotmail.com,(+10) 128-069053,Silver London Villas,Budget Hotel,FRANCE,2022-10-26,2022-10-27,-11,6989.23,1186.18,4.3,pending,,2022-10-07,invalid nights (-11)
BK006206,William Thomas,william.thomas840@hotmail.com,069029810,Azure New York Suites,Boutique Hotel,KSA,2023-12-02,2023-12-11,-30,$11121.38,12525.93,1.5,Confirmed,Bank Transfer,2024-03-14,invalid nights (-30)
BK000279,,user726@outlook.com,,Silver Munich Resort,Luxury Hotel,Australia,2023-11-29,2023-12-26,3,5569.41,24746.85,,Confirmed,,2022-12-22,missing customer_name
BK006526,,user677@mail.com,541339210,Sunset Riyadh Villas,Hotel,france,12-07-2024,2025-01-04,2,4055.91,46225.76,4.0,cancelled,credit_card,2023-04-15,missing customer_name
BK008681,"JACKSON, RICHARD",jackson.richard012@yahoo.com,861057038,Palm Munich Villas,Hostel,United States,2023-06-12,2023-06-13,-9,7228.56,1845.81,1.5,refunded,paypal,2024-02-06,invalid nights (-9)
BK000957,,user829@mail.com,585564236,Sunset New York Spa & Resort,Villa,UK,2023-09-26,2023-10-24,11,5291.63,42936.32,4.4,Pending,Bank Transfer,2023-06-11,missing customer_name
BK009825,Sarah Williams,sarah.williams691@gmail.com,+971-50-3022800,Coral Dubai Palace,HOTEL,United Arab Emirates,2022-12-13,2022-12-17,-18,7718.99,4363.28,1.9,Cancelled,Bank Transfer,2024-12-29,invalid nights (-18)
BK006717,Betty Thompson,betty.thompson462@gmail.com,182572606,Royal Sydney Resort,Villa,Australia,2023-08-15,2023-08-16,25,6899.06,1182.97,7.0,cancelled,debit_card,2022-06-14,rating out of range (7.0)
BK009762,"MOORE, PATRICIA",moore.patricia980@gmail.com,00971601802227,Oasis Barcelona Resort,Budget Hotel,Spain,2023-10-12,2023-10-20,-18,12518.9,9614.72,2.2,pending,debit_card,2023-12-02,invalid nights (-18)
BK009695,"THOMAS, MARK",thomas.mark120@gmail.com,00971606917977,Palm New York Resort,Hotel,KSA,2022-12-11,2022-12-22,3,$218.73,4225.43,8.8,cancelled,PayPal,2023-01-07,rating out of range (8.8)
BK003225,robert martin,robert.martin277@mail.com,+971-14-2367637,Coral Singapore Lodge,Hotel,KSA,2022-12-31,2023-01-27,-13,14611.51,28555.47,,Confirmed,Credit Card,2024-03-13,invalid nights (-13)
BK009156,,user048@mail.com,00971772895413,Sunset Sydney Suites,Villa,United Kingdom,2024-01-04,2024-01-20,23,8010.5,27076.8,4.2,CANCELLED,bank_transfer,2024-04-02,missing customer_name
BK002608,,user121@yahoo.com,(+42) 652-688699,Royal London Lodge,Hotel,United Kingdom,2023-08-09,2023-08-12,26,12920.64,5824.8,4.8,CONFIRMED,debit_card,2023-10-30,missing customer_name
BK007450,,user506@hotmail.com,(+94) 361-664589,Sunset Singapore Hotel,hotel,France,2024-12-18,2024-12-28,3,13516.31,18841.4,1.1,Pending,paypal,2021-12-24,missing customer_name
BK001971,Karen Johnson,karen.johnson251@mail.com,00971032208070,Summit Munich Residences,Budget Hotel,United States,2022-01-31,2022-02-16,-28,13721.28,19249.12,1.4,Confirmed,debit_card,2023-12-13,invalid nights (-28)
BK011800,ASHLEY MOORE,ashley.moore410@yahoo.com,+971-80-5244668,Palm Mumbai Inn,hotel,Saudi Arabia,18/12/2024,2024-12-20,7,1683.92,3367.84,7.8,Confirmed,paypal,2024-11-08,rating out of range (7.8)
BK006400,John Brown,john.brown308@gmail.com,(+61) 180-202951,Palm Rome Inn,Budget Hotel,UAE,2022-10-25,2022-10-28,-16,14806.28,2427.18,7.4,CANCELLED,Bank Transfer,2021-01-11,invalid nights (-16); rating out of range (7.4)
BK000351,,user179@yahoo.com,+971-67-5589664,Marina Singapore Spa & Resort,Apartment,Australia,2024-01-09,2024-02-04,-15,6139.68,32474.26,4.7,pending,paypal,2024-04-25,missing customer_name; invalid nights (-15)
BK001200,CHARLES DAVIS,charles.davis932@yahoo.com,00971562067569,Golden London Hotel,HOTEL,uae,2022-11-18,2022-12-16,19,7250.29,15506.68,7.6,Cancelled,debit_card,2023-04-23,rating out of range (7.6)
BK008109,Thomas Hernandez,thomas.hernandez582@hotmail.com,(+35) 320-368449,Oasis Tokyo Retreat,Resort,KSA,2024-01-26,2024-01-31,20,14101.11,5689.9,8.4,cancelled,PayPal,2021-03-14,rating out of range (8.4)
BK008398,Jennifer Anderson,jennifer.anderson871@yahoo.com,00971849284387,Azure Paris Hotel,Hotel,UAE,28/09/2024,2024-10-06,-28,1356.36,14233.04,1.7,Pending,PayPal,2022-11-12,invalid nights (-28)
BK004505,,user002@hotmail.com,+971-62-1551151,Marina Tokyo Villas,hotel,Thailand,2023-01-12,2023-01-21,8,5647.06,11520.72,,cancelled,debit_card,2022-07-22,missing customer_name
BK012000,Lisa Thompson,lisa.thompson940@outlook.com,+971-20-1773361,Sunset Rome Inn,Villa,France,24/08/2023,2023-09-03,-5,11056.81,5770.5,1.7,CANCELLED,Credit Card,2022-02-22,invalid nights (-5)
BK001066,karen jackson,karen.jackson968@outlook.com,+971-50-2066106,Oasis Sydney Hotel,Villa,uae,2024-11-01,2024-11-14,-14,12696.14,16667.43,4.0,cancelled,,2023-01-23,invalid nights (-14)
BK007196,,user733 at hotmail.com,00971099140531,Grand New York Hotel,hotel,Australia,2022-06-04,2022-07-04,29,3286.44,50794.5,7.8,confirmed,paypal,2022-12-04,missing customer_name; rating out of range (7.8)
BK005618,John Miller,john.miller100@outlook.com,(+94) 402-816469,Sunset Barcelona Hotel,Hostel,Thailand,2023-07-19,2023-07-22,9,$7102.5,1452.81,6.8,cancelled,paypal,2023-11-08,rating out of range (6.8)
BK002653,Margaret Williams,margaret.williams916@yahoo.com,382699140,Grand Singapore Hotel,Boutique Hotel,United Arab Emirates,2024-11-17,2024-11-24,1,1628.09,5390.49,6.2,cancelled,PayPal,2021-09-21,rating out of range (6.2)
BK010708,"MARTIN, WILLIAM",martin.william682@yahoo.com,648963787,Marina Munich Hotel,hotel,US,21/03/2022,2022-04-18,1,7680.02,1766.24,6.6,refunded,CREDIT_CARD,2021-06-12,rating out of range (6.6)
BK007656,Jessica Smith,jessica.smith770@gmail.com,+971-11-1857475,Desert Munich Villas,Resort,Italy,2024-03-10,2024-03-14,15,5442.8,6117.88,9.0,cancelled,paypal,2022-08-15,rating out of range (9.0)
BK000887,Susan Jones,susan.jones103@hotmail.com,+971-19-4250601,Marina Rome Lodge,Apartment,Singapore,01/08/2023,2023-08-08,8,13301.77,8278.76,7.0,cancelled,debit_card,2024-05-12,rating out of range (7.0)
BK001535,,user266@outlook.com,(+47) 421-931999,Silver Singapore Retreat,Apartment,Germany,2023-04-11,2023-04-25,15,1082.04,14878.36,2.9,Pending,PayPal,2022-09-27,missing customer_name
BK000417,James Anderson,james.anderson995@outlook.com,(+48) 904-832093,Royal Mumbai Resort,Villa,Spain,2024-04-07,2024-04-08,1,4892.77,771.61,7.0,confirmed,paypal,2024-02-25,rating out of range (7.0)
BK009005,Matthew Williams,matthew.williams828@hotmail.com,+971-00-1104248,Golden Tokyo Inn,Apartment,USA,2022-04-11,2022-04-12,-30,11459.21,1469.72,1.2,cancelled,Credit Card,2022-09-06,invalid nights (-30)
BK004871,,user551@hotmail.com,(+29) 006-800542,Desert London Hotel,Boutique Hotel,USA,2022-06-01,2022-06-10,25,9614.75,15390.0,2.2,refunded,Bank Transfer,2024-07-03,missing customer_name
BK002989,Matthew Davis,matthew.davis700@gmail.com,332725167,Royal Barcelona Resort,hotel,Australia,2023-06-28,2023-07-21,-22,4400.88,40893.08,4.2,CANCELLED,crypto,16/02/2023,invalid nights (-22)
BK005699,William Brown,william.brown235@gmail.com,00971633622110,Silver Paris Residences,Villa,KSA,2024-06-11,2024-06-26,-5,6070.57,11878.95,1.9,CANCELLED,bank_transfer,2024-05-16,invalid nights (-5)
BK004200,ROBERT MARTIN,robert.martin434@hotmail.com,(+59) 578-799417,Sunset Riyadh Retreat,Hotel,KSA,2022-06-02,2022-06-08,4,10468.76,3186.6,9.8,Confirmed,crypto,2023-11-27,rating out of range (9.8)
BK009801,,user704@outlook.com,,Desert Sydney Hotel,hotel,United Kingdom,2024-10-17,2024-10-29,22,14059.67,23711.04,8.4,confirmed,Credit Card,2021-08-21,missing customer_name; rating out of range (8.4)
BK006108,Charles Moore,charles.moore884@outlook.com,(+30) 765-958767,Desert Paris Resort,Resort,United States,2023-11-29,2023-12-14,25,10167.29,1973.85,7.6,refunded,Credit Card,2022-06-06,rating out of range (7.6)
BK003755,Linda Brown,linda.brown215@hotmail.com,00971053653168,Golden London Lodge,Luxury Hotel,US,2023-05-27,2023-06-18,-30,14467.75,43974.92,3.6,pending,paypal,2021-04-20,invalid nights (-30)
BK004404,Jennifer Jones,jennifer.jones701@yahoo.com,(+35) 767-513385,Sunset Dubai Retreat,Apartment,Singapore,2022-04-30,2022-05-04,21,2530.39,6308.6,8.2,Pending,,2024-10-14,rating out of range (8.2)
BK001818,Anthony Taylor,anthony.taylor337@outlook.com,+971-93-6524995,Royal Singapore Suites,HOTEL,USA,2024-07-14,2024-07-17,22,8699.08,2810.04,9.8,cancelled,,2022-08-25,rating out of range (9.8)
BK009256,,user010@gmail.com,(+52) 766-747908,Coral Sydney Suites,Hostel,France,2022-08-07,2022-08-22,21,1428.06,21420.9,4.7,refunded,Credit Card,2022-01-15,missing customer_name
BK001960,"GONZALEZ, ANTHONY",gonzalez.anthony452@mail.com,+971-55-0258711,Royal Paris Residences,Apartment,Japan,2023-09-15,2023-09-18,2,8445.32,2641.38,8.6,confirmed,crypto,2024-02-23,rating out of range (8.6)
BK001593,,user491@mail.com,(+33) 928-856500,Grand London Palace,HOTEL,United Arab Emirates,2024-11-25,2024-12-03,30,7809.96,3808.4,4.9,pending,debit_card,2024-06-12,missing customer_name
BK010420,"THOMPSON, DANIEL",thompson.daniel131@outlook.com,+971-17-5080961,Summit Riyadh Resort,Hostel,US,2022-11-16,2022-12-08,24,$9413.89,13575.98,6.8,cancelled,paypal,17/04/2021,rating out of range (6.8)
BK006069,,user952@yahoo.com,00971909320209,Grand Sydney Retreat,Apartment,Australia,2022-03-11,2022-03-31,2,14575.37,33211.6,8.2,Pending,debit_card,2022-01-22,missing customer_name; rating out of range (8.2)
BK009200,,user480@hotmail.com,+971-90-9291946,Oasis Riyadh Inn,hotel,Italy,15/09/2022,2022-10-13,2,11559.04,31032.68,4.2,CANCELLED,CREDIT_CARD,2021-11-25,missing customer_name
BK007714,,,+971-27-8824011,Golden Riyadh Villas,Hotel,France,2022-03-16,2022-03-18,17,8077.2,2472.6,1.1,confirmed,,2022-04-20,missing customer_name
BK000934,Richard Wilson,richard.wilson396@yahoo.com,,Golden London Villas,Hotel,Japan,2022-04-12,2022-04-19,15,$3005.36,6065.92,9.6,confirmed,paypal,2024-09-23,rating out of range (9.6)
BK005349,Christopher Smith,christopher.smith412@gmail.com,00971830141619,Palm Paris Spa & Resort,Boutique Hotel,France,26/04/2022,2022-04-29,7,14575.06,4794.45,6.0,confirmed,CREDIT_CARD,2021-01-03,rating out of range (6.0)
BK002875,Christopher Miller,christopher.miller119@gmail.com,525830183,Golden Dubai Hotel,HOTEL,France,2022-04-13,2022-04-27,6,1565.32,12371.52,7.0,CANCELLED,debit_card,13/09/2024,rating out of range (7.0)
BK010175,Jennifer Wilson,jennifer.wilson231 at outlook.com,836724214,Palm Sydney Resort,Villa,UK,2022-03-19,2022-03-24,22,12619.9,8708.25,9.6,cancelled,bank_transfer,2024-05-01,rating out of range (9.6)
BK007266,patricia martinez,patricia.martinez892@yahoo.com,(+20) 360-885910,Golden Riyadh Residences,Luxury Hotel,United States,2023-09-14,2023-09-25,-16,7814.51,21007.8,4.0,CANCELLED,bank_transfer,2024-05-14,invalid nights (-16)
BK010617,,user864@mail.com,00971208373507,Silver Munich Spa & Resort,Boutique Hotel,france,2024-10-29,2024-11-28,9,2465.35,3782.1,,refunded,bank_transfer,2023-09-13,missing customer_name
BK008106,Karen Garcia,karen.garcia885@yahoo.com,00971338344993,Summit Dubai Hotel,Hotel,United Kingdom,2023-04-15,2023-04-20,6,13755.39,7422.4,8.0,Pending,Credit Card,2023-01-14,rating out of range (8.0)
BK008326,Margaret Anderson,margaret.anderson043@mail.com,(+43) 783-345881,Grand Munich Hotel,Budget Hotel,FRANCE,29/06/2023,2023-07-14,17,7207.94,20437.05,5.4,pending,Credit Card,2023-08-28,rating out of range (5.4)
BK003147,"GARCIA, JESSICA",garcia.jessica903@outlook.com,00971755310205,Azure Munich Hotel,Budget Hotel,UK,2023-03-22,2023-04-20,-23,5506.33,20225.47,,CANCELLED,Bank Transfer,2023-12-16,invalid nights (-23)
BK005854,"JONES, SANDRA",,378765387,Desert Riyadh Suites,Boutique Hotel,france,08-20-2022,2022-09-05,18,2954.67,20735.68,5.2,Cancelled,paypal,2022-06-23,rating out of range (5.2)
BK003899,Mary Thompson,mary.thompson194@yahoo.com,+971-87-6115971,Azure Rome Spa & Resort,Boutique Hotel,FRANCE,2023-02-06,2023-02-16,5,5426.24,1868.4,7.0,Pending,Bank Transfer,2024-04-21,rating out of range (7.0)
BK007000,Charles Garcia,charles.garcia825@mail.com,00971628789313,Sunset London Spa & Resort,HOTEL,Singapore,2022-12-18,2022-12-30,1,$14824.67,19639.2,5.2,CANCELLED,CREDIT_CARD,2023-02-05,rating out of range (5.2)
BK002312,,user352@mail.com,468783873,Golden Sydney Residences,Luxury Hotel,USA,2023-01-02,2023-01-21,15,2601.73,25399.77,7.2,confirmed,paypal,2022-03-12,missing customer_name; rating out of range (7.2)
BK004880,Matthew Garcia,matthew.garcia677 at outlook.com,(+69) 202-872840,Marina Munich Villas,Luxury Hotel,Saudi Arabia,2022-03-04,2022-04-03,-10,3090.44,58143.9,1.9,CONFIRMED,debit_card,2021-06-15,invalid nights (-10)
BK004064,"THOMAS, JENNIFER",thomas.jennifer253@yahoo.com,+971-37-6983778,Desert Singapore Suites,Hotel,Thailand,2024-07-15,2024-08-09,30,956.24,46636.0,8.4,Cancelled,,2023-06-18,rating out of range (8.4)
BK011002,Sandra Jackson,sandra.jackson674@yahoo.com,00971506317780,Sunset Tokyo Retreat,Resort,UAE,2024-04-30,2024-05-01,10,3274.03,421.11,6.2,Pending,,2024-05-20,rating out of range (6.2)
BK003212,Linda Lee,linda.lee347@gmail.com,361910478,Azure Rome Hotel,Luxury Hotel,USA,2023-03-18,2023-04-11,-4,8766.19,40337.04,2.6,confirmed,credit_card,2022-01-18,invalid nights (-4)
BK002360,,user274@gmail.com,(+56) 216-564332,Palm Sydney Villas,Hostel,United Kingdom,2022-06-02,2022-06-22,29,11336.47,11668.6,4.3,Cancelled,credit_card,22/10/2021,missing customer_name
BK007454,,user402@hotmail.com,00971471249785,Desert London Villas,Hostel,FRANCE,2024-12-18,2025-01-08,12,4128.23,6197.31,2.3,refunded,bank_transfer,2023-08-23,missing customer_name
BK001665,"PEREZ, ROBERT",perez.robert196@yahoo.com,(+45) 865-933080,Coral Sydney Retreat,Resort,uae,2023-08-02,2023-08-19,-30,5581.04,5761.47,3.7,Cancelled,bank_transfer,02/09/2024,invalid nights (-30)
BK007421,Jennifer Wilson,,309021428,Summit New York Spa & Resort,Budget Hotel,United Kingdom,2023-02-18,2023-03-19,29,1752.77,39127.38,7.6,Pending,Bank Transfer,2024-05-19,rating out of range (7.6)
BK005091,,user625@mail.com,00971243638983,Coral London Resort,Boutique Hotel,India,2024-01-30,2024-02-23,4,1288.15,9923.76,2.9,Confirmed,,19/06/2024,missing customer_name
BK000360,Karen Taylor,karen.taylor085@hotmail.com,,Silver London Resort,Apartment,Italy,10-24-2022,2022-11-17,25,12844.96,18555.12,9.8,confirmed,paypal,2024-11-13,rating out of range (9.8)
BK010948,,,00971529866263,Palm Singapore Resort,Luxury Hotel,France,11-19-2024,2024-11-26,12,4216.2,3604.37,2.6,pending,Bank Transfer,2023-05-03,missing customer_name
BK010051,,user702@yahoo.com,+971-29-5070997,Marina Dubai Lodge,Budget Hotel,UK,2022-10-25,2022-11-09,8,2466.5,28994.85,4.3,Cancelled,,2021-06-23,missing customer_name
BK001002,Nancy Jackson,,(+20) 137-544561,Silver Munich Palace,Luxury Hotel,United Kingdom,2023-10-23,2023-10-29,4,12649.98,3633.0,6.8,confirmed,CREDIT_CARD,2023-04-07,rating out of range (6.8)
BK001135,patricia rodriguez,patricia.rodriguez048@yahoo.com,+971-93-2393766,Golden Tokyo Lodge,Luxury Hotel,United Kingdom,2022-05-26,2022-06-05,27,14472.65,14583.1,6.0,confirmed,,2021-02-27,rating out of range (6.0)
BK005797,Barbara Miller,barbara.miller795@yahoo.com,751758605,Oasis Munich Spa & Resort,hotel,france,2024-10-09,2024-11-02,-6,2863.33,,3.1,pending,Bank Transfer,04/12/2023,invalid nights (-6)
BK004563,lisa taylor,lisa.taylor063@hotmail.com,+971-94-0047879,Grand Rome Inn,Luxury Hotel,Thailand,2023-07-31,2023-08-04,-18,10268.2,688.04,1.2,pending,paypal,2023-11-09,invalid nights (-18)
BK003853,,user563@outlook.com,728818904,Grand New York Palace,Apartment,Australia,2024-09-11,2024-09-19,25,1191.86,10097.44,1.8,pending,Credit Card,2022-11-22,missing customer_name
BK008171,jennifer anderson,jennifer.anderson244@gmail.com,(+62) 788-066158,Palm Tokyo Palace,Hostel,India,2024-01-17,2024-02-02,10,4569.22,10515.84,9.4,Cancelled,bank_transfer,2021-11-11,rating out of range (9.4)
BK001301,,user098 at hotmail.com,+971-27-8462945,Sunset Sydney Residences,hotel,Saudi Arabia,2022-11-28,2022-12-07,25,12971.0,12830.67,4.2,CONFIRMED,PayPal,2023-10-20,missing customer_name
BK008249,William Jackson,william.jackson543@outlook.com,823498441,Marina Dubai Suites,Luxury Hotel,United Arab Emirates,2023-09-12,2023-10-03,-18,1449.96,5462.94,3.9,Cancelled,PayPal,2024-11-14,invalid nights (-18)
BK000951,,user647@yahoo.com,00971976995325,Summit London Resort,Apartment,United Arab Emirates,2024-04-21,2024-05-20,16,175.9,29352.93,2.7,Confirmed,credit_card,2021-01-30,missing customer_name
BK011977,,user324@gmail.com,+971-65-6152108,Silver Paris Lodge,Apartment,UK,11/12/2024,2025-01-07,17,12426.81,27009.18,3.5,Confirmed,CREDIT_CARD,2022-03-31,missing customer_name
BK004344,Christopher Taylor,,00971149432683,Sunset Mumbai Suites,Apartment,Thailand,2023-05-13,2023-06-12,-1,10435.67,39384.9,4.1,pending,Credit Card,2024-09-17,invalid nights (-1)
BK000757,Betty Rodriguez,betty.rodriguez731@hotmail.com,,Desert New York Suites,HOTEL,uae,07-07-2022,2022-07-24,-23,10901.28,22656.92,1.3,cancelled,,2022-12-18,invalid nights (-23)
BK001425,Richard Rodriguez,richard.rodriguez953@outlook.com,470450321,Palm London Retreat,Villa,Germany,2023-02-20,2023-03-14,9,$8321.84,26369.2,8.6,confirmed,CREDIT_CARD,2022-05-29,rating out of range (8.6)
BK010764,Mark Thompson,mark.thompson040@mail.com,00971470314814,Coral Tokyo Lodge,Luxury Hotel,uae,2024-03-09,2024-03-24,-11,$6594.24,19166.1,2.7,CONFIRMED,debit_card,2021-11-15,invalid nights (-11)
BK007766,Patricia Smith,patricia.smith116@yahoo.com,00971631928022,Grand Munich Hotel,Luxury Hotel,UK,2023-10-20,2023-10-24,-13,7127.16,5852.12,4.8,CANCELLED,Bank Transfer,2022-06-10,invalid nights (-13)
BK000601,Joseph Martin,joseph.martin717@gmail.com,309138814,Azure Paris Lodge,Hotel,Japan,2023-04-22,2023-05-17,8,10169.61,25209.25,5.4,CONFIRMED,,2022-04-21,rating out of range (5.4)
BK011276,Richard Perez,richard.perez917@mail.com,(+78) 089-982351,Coral Mumbai Palace,Resort,FRANCE,2024-05-22,2024-06-08,-29,$7993.27,2267.8,1.0,confirmed,CREDIT_CARD,2021-06-21,invalid nights (-29)
BK010800,SANDRA HERNANDEZ,sandra.hernandez291@mail.com,436298542,Desert Mumbai Lodge,Boutique Hotel,USA,2024-11-07,2024-11-30,-3,4815.32,31626.84,3.5,Confirmed,Bank Transfer,2023-02-03,invalid nights (-3)
BK000418,Karen Miller,karen.miller167@mail.com,585496463,Azure New York Lodge,Resort,India,2022-10-16,2022-11-09,-13,1941.24,27757.44,2.4,refunded,,2024-02-19,invalid nights (-13)
BK000606,Mary Miller,mary.miller543@yahoo.com,,Grand Mumbai Spa & Resort,Villa,Italy,2023-09-27,2023-10-26,23,9400.23,4576.78,6.0,pending,crypto,09-23-2024,rating out of range (6.0)
BK005034,linda brown,,+971-40-0375052,Palm New York Resort,Villa,Australia,2024-02-11,2024-03-09,17,7281.05,21771.72,6.8,Confirmed,credit_card,12/07/2024,rating out of range (6.8)
BK009909,Matthew Smith,matthew.smith718@mail.com,682977464,Oasis Paris Suites,Budget Hotel,UK,2024-08-09,2024-09-03,-26,3834.77,23393.25,4.7,CANCELLED,PayPal,2024-04-17,invalid nights (-26)
BK006617,richard smith,,+971-81-3863964,Sunset New York Inn,hotel,US,2022-12-24,2022-12-25,14,13128.66,361.35,8.6,pending,credit_card,2022-02-12,rating out of range (8.6)
BK009592,Sandra Brown,sandra.brown196@mail.com,00971296781807,Coral Riyadh Retreat,Luxury Hotel,Germany,2024-07-30,2024-07-31,3,$7784.56,1493.91,5.4,cancelled,,2024-04-16,rating out of range (5.4)
BK003094,Sandra Martinez,sandra.martinez566@gmail.com,491246353,Royal Rome Resort,Boutique Hotel,USA,2023-06-27,2023-07-26,4,3952.02,37665.2,9.8,confirmed,Bank Transfer,2024-10-03,rating out of range (9.8)
BK004945,Anthony Thomas,anthony.thomas738@hotmail.com,00971825514760,Palm Dubai Residences,Hostel,Italy,2023-09-17,2023-10-08,5,$4573.05,36645.21,6.4,CONFIRMED,CREDIT_CARD,2024-11-11,rating out of range (6.4)
BK008257,,user084@mail.com,+971-57-3751716,Golden Munich Suites,HOTEL,Thailand,2023-07-29,2023-08-09,21,4586.57,6714.95,3.3,Cancelled,Credit Card,2024-11-30,missing customer_name
BK011703,,user020@mail.com,,Desert Riyadh Spa & Resort,Boutique Hotel,UAE,2022-07-13,2022-07-18,27,5680.74,3964.45,5.0,refunded,crypto,2023-07-08,missing customer_name
BK010757,,user874@gmail.com,(+22) 653-287219,Desert Tokyo Hotel,Resort,United Kingdom,2022-11-28,2022-12-14,3,6090.67,20514.56,2.3,confirmed,paypal,2022-01-16,missing customer_name
BK009641,,user874@gmail.com,00971353159336,Golden New York Villas,hotel,Spain,2022-11-02,2022-11-13,11,13272.33,20005.04,1.1,confirmed,credit_card,2024-08-04,missing customer_name
BK011595,daniel perez,daniel.perez599@outlook.com,(+10) 718-956688,Desert Sydney Resort,Resort,Singapore,2023-05-12,2023-06-10,-11,11342.32,20877.1,4.3,cancelled,crypto,2022-01-12,invalid nights (-11)
BK007000,Charles Garcia,charles.garcia825@mail.com,00971628789313,Sunset London Spa & Resort,HOTEL,Singapore,2022-12-18,2022-12-30,1,$14824.67,19639.2,5.2,CANCELLED,CREDIT_CARD,2023-02-05,rating out of range (5.2)
BK005429,,user118@yahoo.com,650780315,Palm Riyadh Hotel,hotel,Thailand,2023-06-12,2023-06-13,-10,10493.04,250.93,,refunded,Credit Card,2021-10-20,missing customer_name; invalid nights (-10)
BK005372,,user899@hotmail.com,621845980,Grand Singapore Lodge,Budget Hotel,Spain,2022-09-16,2022-09-22,27,7398.27,3469.38,4.2,cancelled,Credit Card,31/01/2024,missing customer_name
BK010257,Robert Martinez,robert.martinez565@hotmail.com,(+68) 025-669939,Azure New York Hotel,Villa,KSA,2023-01-09,2023-02-01,-22,6979.14,21674.51,2.2,Cancelled,paypal,2024-12-16,invalid nights (-22)
BK003516,Sarah Perez,sarah.perez441@gmail.com,,Marina Singapore Inn,HOTEL,France,2022-07-29,2022-08-21,-30,11643.51,14127.98,3.1,CANCELLED,CREDIT_CARD,2021-12-28,invalid nights (-30)
BK000470,John White,john.white032@outlook.com,+971-23-7290550,Grand Barcelona Residences,HOTEL,United States,2024-02-15,2024-03-05,-19,12498.27,30926.11,3.4,Pending,PayPal,2021-12-15,invalid nights (-19)
BK010900,John Thomas,john.thomas222@yahoo.com,(+92) 580-455453,Golden New York Spa & Resort,Hotel,United Arab Emirates,2024-11-28,2024-12-07,10,6645.88,4244.49,9.0,Pending,credit_card,2022-07-11,rating out of range (9.0)
BK004635,Christopher Lopez,christopher.lopez635@yahoo.com,+971-62-2192245,Grand Tokyo Palace,Apartment,FRANCE,2023-12-17,2023-12-30,3,9422.29,24849.89,8.0,cancelled,Credit Card,18/11/2023,rating out of range (8.0)
BK007177,Linda Williams,linda.williams103@yahoo.com,+971-25-1645034,Coral Riyadh Residences,Villa,France,2023-01-16,2023-01-20,14,"1660,29",1439.44,7.4,refunded,,2022-09-26,rating out of range (7.4)
BK004428,Mark Smith,mark.smith291@gmail.com,00971043891776,Silver Dubai Hotel,hotel,Australia,2023-11-05,2023-11-22,-19,12885.68,20883.31,4.8,Confirmed,bank_transfer,2023-10-16,invalid nights (-19)
BK005155,Karen Williams,karen.williams432@mail.com,(+59) 780-378989,Desert Rome Retreat,Hotel,FRANCE,2024-02-11,2024-02-13,29,13852.58,574.42,5.6,CANCELLED,,2021-11-03,rating out of range (5.6)
BK008689,Nancy Gonzalez,nancy.gonzalez699@mail.com,+971-69-1398986,Azure Paris Palace,Luxury Hotel,Australia,2022-06-16,2022-06-22,2,10923.48,7973.34,9.8,CONFIRMED,credit_card,2022-08-19,rating out of range (9.8)
BK006575,,user158@outlook.com,456923468,Summit Munich Residences,HOTEL,India,2022-04-14,2022-05-01,4,8230.26,2180.76,5.0,confirmed,CREDIT_CARD,2023-01-11,missing customer_name
BK006389,,user719@mail.com,+971-60-2552906,Azure Paris Hotel,Villa,Saudi Arabia,2023-09-29,2023-10-26,3,"7346,5",,8.4,Pending,PayPal,2022-01-07,missing customer_name; rating out of range (8.4)
BK011735,Nancy Davis,nancy.davis580@outlook.com,743792952,Sunset Rome Resort,Budget Hotel,India,2024-11-05,2024-11-16,7,3008.2,7564.92,8.0,Pending,CREDIT_CARD,2024-04-03,rating out of range (8.0)
BK000389,,user511@hotmail.com,636719694,Summit Munich Palace,Budget Hotel,KSA,2023-11-28,2023-12-15,5,11094.29,7615.66,3.1,Confirmed,crypto,2021-08-05,missing customer_name
BK011200,Karen Williams,karen.williams942@gmail.com,,Palm Mumbai Retreat,Luxury Hotel,USA,2022-10-30,2022-11-08,24,14120.72,7334.64,9.0,Pending,paypal,2022-11-20,rating out of range (9.0)
BK005044,Matthew White,matthew.white430@hotmail.com,+971-24-5323009,Azure Riyadh Lodge,Hotel,Singapore,2022-08-29,2022-09-21,24,$7190.67,9794.09,9.6,CANCELLED,Credit Card,2022-12-12,rating out of range (9.6)
BK002085,"DAVIS, ROBERT",davis.robert709 at outlook.com,080778416,Azure Tokyo Palace,Resort,uae,2023-09-19,2023-09-30,25,$10797.37,12004.3,8.6,confirmed,paypal,2021-07-18,rating out of range (8.6)
BK007916,sandra lopez,sandra.lopez036@yahoo.com,+971-83-4638187,Summit Munich Resort,Villa,KSA,2023-10-04,2023-10-05,18,8442.23,1686.45,9.8,Confirmed,PayPal,2021-06-19,rating out of range (9.8)
BK010130,Jessica Perez,jessica.perez191@yahoo.com,00971284937972,Grand Riyadh Lodge,Apartment,UAE,13/07/2022,2022-07-24,2,3919.64,21939.06,7.4,Pending,CREDIT_CARD,2021-04-13,rating out of range (7.4)
BK004557,Joseph Moore,joseph.moore734@outlook.com,+971-69-4826830,Silver Mumbai Residences,Villa,Saudi Arabia,2023-02-15,2023-03-16,-21,4820.98,51813.72,,Confirmed,crypto,2022-12-14,invalid nights (-21)
BK007871,Sarah White,sarah.white885@hotmail.com,+971-42-9047811,Coral New York Hotel,Budget Hotel,United Kingdom,2022-12-02,2022-12-24,-30,13699.91,37171.64,2.5,confirmed,crypto,2024-10-08,invalid nights (-30)
BK003119,James Hernandez,james.hernandez417@gmail.com,998673196,Oasis New York Lodge,Boutique Hotel,United Kingdom,2022-10-03,2022-10-18,-15,12969.85,2480.55,3.9,confirmed,Credit Card,2021-12-28,invalid nights (-15)
BK007566,,user178@outlook.com,+971-14-8082051,Summit Dubai Villas,Villa,Spain,2022-04-22,2022-04-26,19,$11989.94,3482.0,3.7,confirmed,paypal,2022-02-18,missing customer_name
BK008436,"BROWN, SUSAN",brown.susan645 at mail.com,00971875642531,Coral Barcelona Residences,Hotel,Italy,2024-10-26,2024-11-06,-3,5111.65,8954.77,3.0,Cancelled,debit_card,2024-03-15,invalid nights (-3)
BK011160,Richard Johnson,richard.johnson711@yahoo.com,+971-09-3762937,Summit Mumbai Suites,Hotel,KSA,2024-09-19,2024-09-29,-27,10194.92,10249.4,1.2,confirmed,CREDIT_CARD,2021-04-30,invalid nights (-27)
BK011200,Karen Williams,karen.williams942@gmail.com,,Palm Mumbai Retreat,Luxury Hotel,USA,2022-10-30,2022-11-08,24,14120.72,7334.64,9.0,Pending,paypal,2022-11-20,rating out of range (9.0)
BK009800,,user230@yahoo.com,355973191,Golden Singapore Villas,Apartment,USA,2022-09-25,2022-10-17,15,7279.94,16239.96,1.4,CANCELLED,Bank Transfer,2021-05-11,missing customer_name
BK001148,,user231@mail.com,283738514,Silver Rome Spa & Resort,Hostel,United Kingdom,03/04/2024,2024-04-25,22,8472.14,,4.4,CANCELLED,bank_transfer,12/09/2021,missing customer_name
BK006890,Karen Rodriguez,karen.rodriguez610@hotmail.com,(+31) 143-920849,Summit Singapore Inn,Boutique Hotel,France,2024-05-26,2024-06-07,-7,1926.52,22240.44,1.9,refunded,paypal,2024-12-09,invalid nights (-7)
BK006985,Lisa Lopez,,+971-80-4340552,Golden Dubai Residences,Villa,United States,2023-03-26,2023-04-10,-11,14776.85,20920.95,3.9,cancelled,crypto,2023-04-07,invalid nights (-11)
BK002448,Robert Jackson,robert.jackson056@mail.com,+971-59-0245234,Desert Riyadh Spa & Resort,Hostel,United Kingdom,03-02-2023,2023-03-22,-12,4658.99,22985.0,1.7,Confirmed,Credit Card,2023-05-25,invalid nights (-12)
BK008104,Richard Davis,richard.davis455@outlook.com,00971526725051,Desert Singapore Lodge,Resort,KSA,2024-09-24,2024-10-14,-25,14227.79,36448.4,2.3,pending,Bank Transfer,2023-11-03,invalid nights (-25)
BK004425,,user413@gmail.com,+971-35-7995649,Golden Barcelona Retreat,Hostel,Saudi Arabia,2022-08-29,2022-09-24,20,7729.61,45535.62,2.3,Pending,debit_card,2024-12-29,missing customer_name
BK003880,Charles Hernandez,charles.hernandez405 at mail.com,(+10) 714-514573,Azure Dubai Inn,HOTEL,UAE,2023-05-30,2023-06-10,20,7780.88,3854.18,7.0,pending,credit_card,2023-08-25,rating out of range (7.0)
BK004397,Karen Martin,karen.martin343@outlook.com,+971-54-0659580,Royal Mumbai Resort,Hostel,India,2023-10-08,2023-11-05,-23,8847.37,41327.16,2.2,Confirmed,Credit Card,06-09-2023,invalid nights (-23)
BK011962,"JACKSON, JESSICA",jackson.jessica701@outlook.com,+971-19-4902895,Marina Rome Lodge,Hotel,Singapore,23/06/2024,2024-06-27,-1,8758.32,2152.4,2.9,refunded,credit_card,2021-06-29,invalid nights (-1)
BK009358,Mark Lopez,mark.lopez483@gmail.com,198274007,Golden Singapore Suites,Hotel,India,2023-01-20,2023-02-03,15,388.08,6643.7,6.6,CANCELLED,crypto,2023-05-03,rating out of range (6.6)
BK010100,,user320@gmail.com,(+95) 149-093332,Sunset Rome Hotel,Hotel,India,2022-02-11,2022-02-12,3,7795.14,1433.52,4.4,refunded,crypto,2023-03-02,missing customer_name
BK001699,Christopher Rodriguez,,349503325,Palm Tokyo Resort,Hostel,United States,2023-09-09,2023-09-21,-17,"2218,32",21732.0,2.9,Cancelled,credit_card,01-23-2021,invalid nights (-17)
BK002674,,user688@yahoo.com,(+27) 934-452982,Sunset New York Palace,Luxury Hotel,KSA,2023-09-20,2023-10-09,7,13367.21,11251.61,4.4,refunded,Bank Transfer,2024-03-06,missing customer_name
BK008387,,user252@outlook.com,830241618,Oasis London Retreat,Budget Hotel,France,2022-12-13,2023-01-02,24,2476.11,24376.4,1.2,CANCELLED,bank_transfer,05-02-2023,missing customer_name
BK001160,Christopher Williams,christopher.williams201@yahoo.com,00971149418055,Summit Dubai Resort,Hostel,US,2023-07-06,2023-07-18,-15,11745.82,12368.28,1.6,Confirmed,paypal,2022-07-31,invalid nights (-15)
BK006400,John Brown,john.brown308@gmail.com,(+61) 180-202951,Palm Rome Inn,Budget Hotel,UAE,2022-10-25,2022-10-28,-16,14806.28,2427.18,7.4,CANCELLED,Bank Transfer,2021-01-11,invalid nights (-16); rating out of range (7.4)
BK003997,,user652@gmail.com,788281743,Coral Tokyo Suites,Hostel,Italy,2024-04-26,2024-04-28,4,9357.22,3930.46,4.3,pending,credit_card,2024-03-15,missing customer_name
BK005876,Daniel Smith,daniel.smith947@mail.com,+971-91-1916758,Silver Munich Villas,Apartment,Thailand,2022-01-06,2022-01-25,17,7118.46,29322.7,6.2,cancelled,paypal,2023-12-14,rating out of range (6.2)
BK003100,"MARTIN, DANIEL",martin.daniel363@mail.com,+971-91-7916493,Grand New York Resort,Boutique Hotel,France,06-27-2023,2023-07-09,13,14169.87,11124.24,10.0,pending,paypal,2021-12-27,rating out of range (10.0)
BK008926,Susan Brown,susan.brown329 at gmail.com,(+6) 853-759794,Royal Barcelona Spa & Resort,Hostel,Spain,2024-12-31,2025-01-26,-13,8407.72,32893.64,4.8,pending,PayPal,2022-05-10,invalid nights (-13)
BK001323,Matthew Garcia,matthew.garcia953@outlook.com,998446631,Sunset Mumbai Palace,Luxury Hotel,france,2022-04-13,2022-05-06,3,7657.48,28449.62,7.4,confirmed,crypto,2024-07-30,rating out of range (7.4)
BK008055,David Taylor,david.taylor488@gmail.com,00971406356584,Summit Tokyo Resort,Hotel,Singapore,2022-09-06,2022-09-16,-20,12682.03,4476.0,4.2,Confirmed,PayPal,2024-08-21,invalid nights (-20)
BK000336,,user633@outlook.com,00971386984478,Marina Paris Lodge,Luxury Hotel,United States,2022-05-16,2022-06-08,20,4059.76,41140.56,4.6,pending,paypal,2022-09-20,missing customer_name
BK011600,,user431@yahoo.com,00971533957754,Golden Mumbai Inn,HOTEL,Germany,2023-12-25,2024-01-01,24,$10163.97,12555.34,6.4,Cancelled,credit_card,2021-03-07,missing customer_name; rating out of range (6.4)
BK006585,"PEREZ, CHARLES",perez.charles533@gmail.com,00971086850478,Desert Dubai Villas,Apartment,Saudi Arabia,2023-06-11,2023-06-12,-25,1539.18,636.46,3.1,CONFIRMED,,01-03-2023,invalid nights (-25)
BK009722,William Rodriguez,william.rodriguez836@mail.com,+971-07-2133147,Marina London Inn,Budget Hotel,Germany,10-13-2022,2022-11-06,-27,8881.19,3525.6,2.4,cancelled,CREDIT_CARD,2021-06-25,invalid nights (-27)
BK002482,Joseph Taylor,joseph.taylor667@outlook.com,+971-06-8320796,Golden Barcelona Suites,Hotel,United Arab Emirates,2022-11-13,2022-11-24,24,11690.48,11412.5,5.2,confirmed,debit_card,2023-08-07,rating out of range (5.2)
BK001760,"RODRIGUEZ, LINDA",rodriguez.linda010 at hotmail.com,,Coral Mumbai Hotel,hotel,Australia,2023-12-28,2024-01-27,-30,5620.77,54857.1,3.8,confirmed,crypto,2021-07-20,invalid nights (-30)
BK010228,James Thomas,james.thomas543@outlook.com,+971-29-2087029,Golden Sydney Villas,Boutique Hotel,Saudi Arabia,2023-09-15,2023-10-14,19,14529.79,4857.5,5.2,CANCELLED,credit_card,08/11/2022,rating out of range (5.2)
BK010496,Matthew Anderson,matthew.anderson977@outlook.com,00971584413008,Desert London Spa & Resort,Hostel,france,2022-08-07,2022-08-18,-18,10343.22,6498.47,3.1,confirmed,PayPal,2024-03-31,invalid nights (-18)
BK006754,,user604@gmail.com,+971-40-7605433,Summit Riyadh Palace,Boutique Hotel,uae,2022-06-29,2022-06-30,5,"2018,09",1738.57,2.3,Cancelled,Bank Transfer,16/10/2023,missing customer_name
BK006094,Margaret Smith,margaret.smith596@gmail.com,00971124604704,Grand Dubai Villas,HOTEL,US,2022-06-19,2022-07-13,9,14964.77,10376.88,7.6,confirmed,crypto,2022-09-12,rating out of range (7.6)
BK002758,Anthony Thomas,anthony.thomas689@outlook.com,+971-71-3194922,Coral Rome Spa & Resort,Hotel,Thailand,2022-09-04,2022-09-18,24,9057.77,13159.16,8.0,confirmed,CREDIT_CARD,2023-06-26,rating out of range (8.0)
BK011544,,user402@hotmail.com,+971-84-4374588,Golden Barcelona Resort,Villa,US,2024-03-02,2024-03-21,13,1709.76,29631.07,4.3,confirmed,PayPal,12/09/2023,missing customer_name
BK001083,"TAYLOR, NANCY",taylor.nancy686@mail.com,+971-30-7821362,Azure Riyadh Retreat,Apartment,Singapore,2024-07-14,2024-07-18,8,9399.0,7952.72,9.0,CONFIRMED,CREDIT_CARD,2024-03-04,rating out of range (9.0)
BK004829,Margaret Williams,,+971-22-8775536,Coral Riyadh Palace,Budget Hotel,United States,2022-10-24,2022-11-16,23,$8439.78,5059.08,6.6,CONFIRMED,Bank Transfer,2023-08-05,rating out of range (6.6)
BK000829,"SMITH, ANTHONY",smith.anthony937@yahoo.com,941178656,Azure Mumbai Palace,Apartment,United Kingdom,2024-10-09,2024-10-29,-5,6404.09,30601.0,2.4,Pending,debit_card,2021-09-27,invalid nights (-5)
BK000727,karen rodriguez,karen.rodriguez893@mail.com,319263528,Summit Riyadh Lodge,Hostel,Germany,2024-08-28,2024-08-30,-17,80.41,160.82,4.6,CONFIRMED,Bank Transfer,2022-02-24,invalid nights (-17)
BK008664,"WHITE, MICHAEL",white.michael906@outlook.com,478209564,Desert Dubai Palace,hotel,United Arab Emirates,2022-08-24,2022-09-02,-18,$13608.37,11540.52,5.0,pending,bank_transfer,05-01-2024,invalid nights (-18)
BK008657,Matthew Gonzalez,matthew.gonzalez901@yahoo.com,999845765,Silver Dubai Palace,Apartment,france,2023-12-31,2024-01-25,12,7981.66,23731.25,8.0,confirmed,,2023-08-29,rating out of range (8.0)
BK002625,,user690@hotmail.com,343229749,Oasis Dubai Resort,Apartment,KSA,2023-12-10,2023-12-24,17,11086.64,3375.54,7.6,pending,debit_card,2022-09-25,missing customer_name; rating out of range (7.6)
BK005380,Anthony Williams,anthony.williams738 at mail.com,,Coral Barcelona Spa & Resort,Budget Hotel,UK,2024-05-09,2024-06-05,22,303.01,41301.63,6.0,pending,bank_transfer,2023-08-14,rating out of range (6.0)
BK002561,Mary Gonzalez,mary.gonzalez894@outlook.com,331068844,Azure Mumbai Retreat,Villa,FRANCE,2023-09-09,2023-09-20,5,8155.69,13879.03,6.4,Confirmed,bank_transfer,19/12/2024,rating out of range (6.4)
BK010007,,user774@yahoo.com,00971611972496,Marina Munich Resort,Resort,Saudi Arabia,2023-09-08,2023-09-10,24,2481.42,384.72,2.2,cancelled,CREDIT_CARD,2022-12-15,missing customer_name
BK006459,,user742@mail.com,(+80) 228-787417,Desert New York Spa & Resort,Hotel,United Arab Emirates,2023-01-30,2023-02-09,28,12015.25,9328.3,4.2,Confirmed,debit_card,05-10-2022,missing customer_name
BK002586,Joseph Gonzalez,joseph.gonzalez189@mail.com,+971-54-1416665,Coral Sydney Resort,Apartment,Japan,2022-06-27,2022-07-10,-26,$14641.46,2125.24,2.8,Pending,credit_card,2024-04-09,invalid nights (-26)
BK005321,Anthony Rodriguez,anthony.rodriguez375 at outlook.com,+971-16-3273838,Golden Tokyo Residences,Apartment,India,08-19-2022,2022-09-16,21,925.64,12474.56,8.6,Pending,Credit Card,05/11/2021,rating out of range (8.6)
BK007643,"GARCIA, MARY",garcia.mary580@hotmail.com,(+74) 195-540756,Palm Barcelona Villas,Hostel,KSA,2023-04-20,2023-04-21,11,4745.87,1217.82,9.6,Cancelled,CREDIT_CARD,09-10-2022,rating out of range (9.6)
BK009530,"THOMAS, NANCY",,487810936,Golden Mumbai Palace,Villa,Singapore,2022-10-11,2022-10-27,2,4238.17,10605.28,9.4,Confirmed,Bank Transfer,2021-03-05,rating out of range (9.4)
BK009531,William Johnson,william.johnson198@hotmail.com,00971015621636,Golden Tokyo Palace,Hostel,France,2024-08-16,2024-09-01,23,6270.09,3280.0,9.4,confirmed,Bank Transfer,2021-09-13,rating out of range (9.4)
BK006400,John Brown,john.brown308@gmail.com,(+61) 180-202951,Palm Rome Inn,Budget Hotel,UAE,2022-10-25,2022-10-28,-16,14806.28,2427.18,7.4,CANCELLED,Bank Transfer,2021-01-11,invalid nights (-16); rating out of range (7.4)
BK007442,James Gonzalez,james.gonzalez858@mail.com,,Palm New York Residences,Hotel,Germany,2024-10-13,2024-11-06,29,1352.72,17429.76,9.0,cancelled,,2022-04-10,rating out of range (9.0)
BK009010,,user688@outlook.com,,Royal Mumbai Residences,Luxury Hotel,UK,2022-03-27,2022-04-24,5,11799.03,41287.12,1.8,CONFIRMED,paypal,2024-10-01,missing customer_name
BK003600,karen moore,karen.moore188@mail.com,+971-79-1695435,Desert Dubai Suites,HOTEL,KSA,2023-12-04,2023-12-09,-11,417.15,8533.8,3.6,cancelled,CREDIT_CARD,2021-11-26,invalid nights (-11)
BK001553,Betty Gonzalez,betty.gonzalez697 at hotmail.com,+971-14-8241016,Palm London Inn,HOTEL,UK,06-05-2024,2024-06-25,26,$938.98,32023.2,9.2,pending,paypal,2024-07-05,rating out of range (9.2)
BK011862,Anthony Martin,anthony.martin639@yahoo.com,00971552936281,Marina Mumbai Hotel,HOTEL,Australia,2023-11-15,2023-11-25,30,1104.27,748.1,6.2,Confirmed,PayPal,2022-12-24,rating out of range (6.2)
BK007247,Thomas Thompson,thomas.thompson942@hotmail.com,00971572594142,Palm Riyadh Suites,Hostel,USA,2023-09-05,2023-09-26,22,3402.32,23848.65,9.8,Cancelled,debit_card,2022-11-14,rating out of range (9.8)
BK002374,Robert Williams,robert.williams023@hotmail.com,+971-21-9243135,Summit Singapore Residences,Hotel,India,09/03/2024,2024-04-08,2,12715.29,30866.7,5.6,CONFIRMED,CREDIT_CARD,2021-11-16,rating out of range (5.6)
BK006844,Linda Moore,linda.moore918@gmail.com,,Golden Dubai Resort,Villa,france,01-04-2023,2023-01-13,-21,4393.69,7112.25,2.0,refunded,bank_transfer,2024-04-04,invalid nights (-21)
BK002557,,user210@hotmail.com,+971-83-0472219,Grand Munich Retreat,Boutique Hotel,KSA,2024-08-09,2024-08-11,5,$3742.26,2468.7,4.4,CONFIRMED,Bank Transfer,2021-08-17,missing customer_name
BK008095,Matthew Moore,matthew.moore036@yahoo.com,+971-11-7258898,Azure Munich Suites,Budget Hotel,UK,2022-05-30,2022-06-14,15,$5833.0,24725.7,7.0,Cancelled,crypto,2021-03-26,rating out of range (7.0)
BK007195,Jennifer Martinez,jennifer.martinez276@gmail.com,00971026443391,Golden Barcelona Suites,Budget Hotel,UAE,2023-06-23,2023-06-29,-26,5842.79,8620.32,3.4,confirmed,credit_card,2021-02-20,invalid nights (-26)
BK001082,,,759371954,Oasis Rome Spa & Resort,Boutique Hotel,FRANCE,2023-02-14,2023-02-17,-14,13845.2,1243.32,4.3,CONFIRMED,PayPal,01/05/2021,missing customer_name; invalid nights (-14)
BK008475,Jessica Martin,jessica.martin387@gmail.com,00971135839653,Oasis Sydney Inn,Apartment,United Arab Emirates,05/02/2024,2024-02-14,7,"12849,8",15486.66,7.0,Pending,bank_transfer,2024-10-03,rating out of range (7.0)
BK009978,"LOPEZ, MARK",lopez.mark141@yahoo.com,(+76) 465-294463,Golden Singapore Suites,hotel,United Kingdom,2023-11-05,2023-11-22,-22,"3785,67",24661.22,2.6,CONFIRMED,bank_transfer,2023-04-04,invalid nights (-22)
BK003875,,user014@outlook.com,+971-12-1137941,Coral Paris Lodge,Hotel,Thailand,2023-06-06,2023-07-03,10,7069.21,47680.11,4.7,Cancelled,crypto,2022-09-26,missing customer_name
BK007348,,user311@mail.com,00971568882406,Palm Sydney Palace,HOTEL,Saudi Arabia,2023-03-14,2023-03-20,11,8119.92,6916.92,4.2,refunded,paypal,14/04/2021,missing customer_name
BK003515,"BROWN, RICHARD",brown.richard659@yahoo.com,806437111,Coral Rome Spa & Resort,Hostel,India,2023-06-02,2023-06-24,-29,7935.61,37002.9,2.2,Confirmed,PayPal,2021-07-30,invalid nights (-29)
BK004691,,,00971036846143,Azure Barcelona Palace,Luxury Hotel,uae,2023-02-21,2023-03-13,28,$4442.55,,2.5,CANCELLED,crypto,2023-04-11,missing customer_name
BK001399,Charles White,charles.white063@gmail.com,(+52) 395-902365,Silver Rome Inn,Hostel,KSA,2024-01-01,2024-01-30,-2,11926.03,45715.02,3.6,Confirmed,credit_card,2021-06-19,invalid nights (-2)
BK009520,David Perez,david.perez052@yahoo.com,(+9) 398-848203,Royal Singapore Residences,Hotel,France,2024-03-25,2024-04-20,-7,2390.44,21022.56,2.9,confirmed,Credit Card,07-01-2023,invalid nights (-7)
BK008860,Jennifer White,jennifer.white188@gmail.com,00971337004026,Azure Paris Lodge,Luxury Hotel,India,2023-06-18,2023-06-23,-18,3638.95,,3.5,CANCELLED,credit_card,2022-07-05,invalid nights (-18)
BK007583,"PEREZ, MICHAEL",perez.michael750@mail.com,+971-25-3070527,Summit Barcelona Spa & Resort,Villa,Saudi Arabia,26/04/2022,2022-05-15,28,10443.49,8513.52,5.2,Pending,PayPal,2023-10-25,rating out of range (5.2)
BK004018,Robert Thompson,robert.thompson767@mail.com,(+92) 053-661397,Silver Sydney Suites,Resort,UAE,26/05/2023,2023-06-06,16,9248.6,14194.95,6.6,CANCELLED,crypto,2021-02-12,rating out of range (6.6)
BK000355,Mary Johnson,mary.johnson648@hotmail.com,+971-85-5114973,Oasis London Lodge,Apartment,Australia,2022-01-08,2022-01-09,-10,14088.78,1975.94,5.0,Cancelled,Credit Card,2023-12-24,invalid nights (-10)
BK003468,,user604@gmail.com,,Sunset Rome Villas,Villa,uae,2023-11-21,2023-12-17,13,"12631,77",48868.56,3.0,Confirmed,,2022-08-04,missing customer_name
BK004110,,user649 at yahoo.com,(+40) 233-245410,Azure Dubai Lodge,Boutique Hotel,UAE,11-18-2022,2022-12-15,6,9557.46,10038.33,4.8,cancelled,crypto,2021-02-12,missing customer_name
BK008169,Michael Thompson,michael.thompson486@outlook.com,(+51) 262-004818,Grand Mumbai Residences,Hotel,uae,2024-02-10,2024-03-03,-12,6038.62,14107.72,1.9,pending,CREDIT_CARD,2022-12-11,invalid nights (-12)
BK004393,Christopher Lopez,christopher.lopez879@hotmail.com,(+13) 922-263384,Oasis Dubai Inn,HOTEL,KSA,2023-09-14,2023-09-18,22,263.41,7540.56,7.6,cancelled,bank_transfer,07/10/2024,rating out of range (7.6)
BK006512,Matthew White,matthew.white600@mail.com,,Golden Riyadh Hotel,Hostel,USA,2024-04-03,2024-04-14,15,6255.11,5619.57,7.8,Cancelled,Credit Card,06-16-2024,rating out of range (7.8)
BK005135,Linda Jackson,linda.jackson599@hotmail.com,,Coral Singapore Retreat,Resort,United Kingdom,2022-06-25,2022-07-05,29,$12644.2,10769.4,9.0,refunded,crypto,02-12-2023,rating out of range (9.0)
BK007984,James Lopez,james.lopez136@mail.com,+971-90-2358148,Azure Dubai Resort,Luxury Hotel,Germany,2022-08-30,2022-09-24,-15,10717.57,48361.25,2.6,pending,paypal,30/09/2021,invalid nights (-15)
BK004720,Barbara Jones,barbara.jones234@hotmail.com,+971-71-4487947,Summit London Resort,hotel,Spain,2022-07-26,2022-08-14,17,5768.79,16614.36,6.2,pending,Credit Card,2021-08-28,rating out of range (6.2)
BK011462,Mary Thompson,mary.thompson196@hotmail.com,418622308,Silver Paris Suites,Villa,Saudi Arabia,2022-11-14,2022-12-07,17,1028.05,31990.24,8.4,Cancelled,CREDIT_CARD,2024-07-06,rating out of range (8.4)
BK005693,Robert Martin,robert.martin110@hotmail.com,929494568,Desert New York Suites,Hostel,United States,2022-04-04,2022-04-24,5,12751.11,19849.4,6.2,confirmed,debit_card,2021-06-28,rating out of range (6.2)
BK009424,,user542@yahoo.com,(+80) 834-329299,Royal London Hotel,Resort,United Kingdom,2024-09-21,2024-10-19,29,232.96,31344.32,3.1,CONFIRMED,,12-13-2022,missing customer_name
BK003040,Daniel Davis,daniel.davis473@mail.com,+971-01-5109043,Palm Singapore Residences,Budget Hotel,United States,2024-08-06,2024-08-27,29,"13269,75",14014.14,9.8,cancelled,credit_card,2023-10-21,rating out of range (9.8)
BK003200,John Thomas,john.thomas629@yahoo.com,+971-19-1731867,Oasis Munich Inn,Budget Hotel,KSA,2022-04-09,2022-05-09,22,$3234.36,10115.4,5.8,Confirmed,Bank Transfer,2021-01-31,rating out of range (5.8)
BK006353,Susan Moore,susan.moore582@outlook.com,+971-98-2814971,Desert Barcelona Spa & Resort,Luxury Hotel,United States,2023-01-07,2023-01-21,-20,12347.37,6758.08,1.5,Cancelled,,06-15-2021,invalid nights (-20)
BK004521,,user497 at hotmail.com,,Royal London Lodge,Villa,France,2022-08-06,2022-08-12,22,$9560.84,4578.36,1.5,confirmed,Credit Card,2022-09-20,missing customer_name
BK001839,"WILLIAMS, MARK",williams.mark371@mail.com,00971975844780,Coral Riyadh Resort,Hotel,Italy,2024-01-03,2024-01-04,8,"9655,98",1928.26,8.6,refunded,debit_card,17/09/2022,rating out of range (8.6)
BK002104,,user007@yahoo.com,(+82) 139-930698,Grand Munich Suites,Apartment,Spain,2023-07-02,2023-07-22,19,5501.4,,2.8,cancelled,credit_card,2022-01-28,missing customer_name
BK010638,,user275@yahoo.com,+971-57-6437231,Royal Tokyo Resort,Luxury Hotel,Germany,2024-01-23,2024-02-02,20,11629.35,13273.2,2.7,CONFIRMED,CREDIT_CARD,2021-02-22,missing customer_name
BK009065,Michael Moore,michael.moore109@gmail.com,291070264,Silver Singapore Spa & Resort,Hotel,UAE,2023-12-14,2023-12-21,-18,"1821,05",1967.77,1.7,Pending,CREDIT_CARD,2022-10-07,invalid nights (-18)
BK000427,"MOORE, ASHLEY",moore.ashley895@yahoo.com,00971652593204,Palm Dubai Lodge,Villa,France,2024-03-03,2024-03-19,-27,14781.25,8998.4,2.8,confirmed,CREDIT_CARD,2024-09-16,invalid nights (-27)
BK009916,,user810 at yahoo.com,00971700975506,Palm Barcelona Resort,HOTEL,USA,2023-07-01,2023-07-03,24,$7818.62,715.8,2.4,Confirmed,debit_card,2021-03-14,missing customer_name
BK000146,Karen Taylor,karen.taylor967@outlook.com,00971406106233,Silver London Residences,Apartment,france,2023-08-29,2023-09-08,18,14366.47,19407.3,6.0,cancelled,bank_transfer,2021-10-30,rating out of range (6.0)
BK001402,Karen Jones,karen.jones323@gmail.com,(+24) 343-861292,Grand Munich Resort,hotel,Germany,2024-06-28,2024-07-22,-3,12053.85,23121.84,,refunded,Bank Transfer,2021-11-04,invalid nights (-3)
BK009940,Jessica Moore,jessica.moore760@mail.com,(+77) 223-897972,Sunset Paris Suites,Boutique Hotel,USA,2024-08-10,2024-09-07,27,7842.72,20965.56,9.0,CANCELLED,PayPal,2021-06-04,rating out of range (9.0)
BK006052,"PEREZ, ROBERT",perez.robert448@mail.com,(+79) 837-241457,Desert Paris Inn,HOTEL,United Kingdom,2024-02-26,2024-02-28,-3,1861.3,,1.3,pending,CREDIT_CARD,08-31-2022,invalid nights (-3)
BK008671,Sandra Williams,sandra.williams972@hotmail.com,00971533305546,Azure Singapore Villas,Budget Hotel,UAE,2024-03-18,2024-03-25,23,"6253,0",13263.67,9.4,refunded,,2021-01-15,rating out of range (9.4)
BK011200,KAREN WILLIAMS,karen.williams942@gmail.com,,Palm Mumbai Retreat,Luxury Hotel,USA,2022-10-30,2022-11-08,24,14120.72,7334.64,9.0,Pending,paypal,2022-11-20,rating out of range (9.0)
BK005517,Mark Wilson,mark.wilson460@mail.com,(+42) 532-418678,Silver Rome Retreat,hotel,Thailand,2024-10-06,2024-10-09,8,12507.97,,6.0,CONFIRMED,Bank Transfer,2021-04-27,rating out of range (6.0)
BK000076,John Thomas,john.thomas051@outlook.com,242207603,Silver Singapore Suites,Hotel,US,2023-09-24,2023-10-10,14,14048.6,16059.84,8.8,refunded,,2024-10-19,rating out of range (8.8)
BK001861,jennifer wilson,jennifer.wilson328@hotmail.com,+971-57-1217312,Golden New York Inn,Hotel,United States,2024-06-19,2024-06-29,-9,4472.46,13999.4,3.2,cancelled,crypto,2024-04-28,invalid nights (-9)
BK004845,,user208@yahoo.com,+971-99-8662908,Royal Dubai Residences,Budget Hotel,Saudi Arabia,2022-04-27,2022-05-07,27,2431.54,17245.5,2.2,cancelled,Bank Transfer,2021-12-03,missing customer_name
BK008473,"PEREZ, SARAH",perez.sarah573@outlook.com,00971719600765,Summit Barcelona Residences,Resort,Australia,2023-12-10,2023-12-26,-15,12586.92,29680.0,2.3,confirmed,CREDIT_CARD,2021-08-18,invalid nights (-15)
BK003437,Joseph Thompson,joseph.thompson156@hotmail.com,+971-86-4886059,Palm Riyadh Spa & Resort,Hostel,USA,2023-04-29,2023-05-22,-2,6435.31,33551.71,2.4,Pending,Credit Card,2021-05-08,invalid nights (-2)
BK001025,,user030@mail.com,+971-05-6466595,Coral Rome Inn,Luxury Hotel,Singapore,2022-11-24,2022-12-17,4,3786.42,31903.99,1.6,Confirmed,credit_card,2023-06-18,missing customer_name
BK002059,,user598@mail.com,00971410678345,Oasis Paris Palace,Hostel,Singapore,2023-03-12,2023-03-30,17,7181.15,27698.94,2.3,Confirmed,,2023-03-11,missing customer_name
BK001120,Jessica Smith,jessica.smith281@outlook.com,00971270411469,Summit New York Retreat,Apartment,France,2024-05-31,2024-06-03,-13,5908.61,5703.51,4.8,refunded,credit_card,08-30-2021,invalid nights (-13)
BK007051,"BROWN, JAMES",brown.james561@gmail.com,(+7) 993-607605,Azure Dubai Resort,Luxury Hotel,India,2022-10-01,2022-10-08,-19,5534.53,3457.3,4.6,pending,Credit Card,2024-04-01,invalid nights (-19)
BK010819,,user633@mail.com,(+53) 537-764414,Sunset Munich Suites,Villa,uae,2022-09-23,2022-09-28,3,13687.09,384.6,2.8,pending,crypto,2023-01-17,missing customer_name
BK000831,,user729@outlook.com,+971-43-2344423,Sunset Paris Villas,Hostel,US,18/09/2024,2024-10-06,4,8722.46,7003.62,1.7,Confirmed,Credit Card,10/12/2022,missing customer_name
BK007258,,user550@yahoo.com,00971472633304,Desert Paris Lodge,Hostel,USA,2022-10-24,2022-10-25,27,7570.98,,2.3,cancelled,crypto,2024-02-14,missing customer_name
BK007544,Patricia White,patricia.white128@mail.com,00971569938991,Silver Sydney Lodge,Apartment,United Kingdom,2024-04-11,2024-04-27,-12,10314.6,7028.8,3.0,pending,paypal,2023-01-15,invalid nights (-12)
BK002757,Anthony Brown,anthony.brown119@mail.com,00971495616889,Sunset Mumbai Spa & Resort,Hotel,Thailand,2024-07-05,2024-07-08,-28,974.16,2922.48,2.2,CONFIRMED,bank_transfer,2024-09-20,invalid nights (-28)
BK004485,Christopher Brown,christopher.brown093@outlook.com,(+63) 821-032077,Summit Dubai Suites,Resort,United Arab Emirates,2024-01-28,2024-02-13,-4,13806.68,25033.92,3.8,refunded,paypal,2021-03-15,invalid nights (-4)
BK006647,Barbara Williams,barbara.williams076@mail.com,00971283357419,Coral Rome Palace,hotel,Saudi Arabia,2022-01-29,2022-02-04,25,6902.33,4848.66,9.4,Cancelled,paypal,2021-01-13,rating out of range (9.4)
BK001189,Sandra Miller,sandra.miller917@mail.com,+971-38-6873908,Coral Barcelona Lodge,Hotel,Spain,2023-10-20,2023-10-23,-25,"1604,83",5959.08,4.5,pending,debit_card,2021-06-08,invalid nights (-25)
BK011236,Michael Gonzalez,michael.gonzalez166@yahoo.com,00971177654505,Summit Dubai Residences,Hotel,UAE,2024-11-18,2024-12-10,18,6814.52,32568.8,6.4,Cancelled,credit_card,2021-07-22,rating out of range (6.4)
BK008422,Michael Miller,michael.miller856@mail.com,,Oasis Riyadh Inn,hotel,UAE,14/01/2024,2024-01-23,11,845.87,4983.57,8.4,CANCELLED,PayPal,2021-12-12,rating out of range (8.4)
BK010612,,user755@yahoo.com,(+51) 839-149110,Palm Dubai Inn,Resort,Italy,06/09/2024,2024-09-20,-29,9154.11,12774.72,2.5,confirmed,paypal,2023-06-15,missing customer_name; invalid nights (-29)
BK010225,,user011@gmail.com,,Azure Munich Spa & Resort,hotel,Italy,2022-07-12,2022-08-03,17,1232.37,3217.06,1.4,Confirmed,credit_card,11-15-2024,missing customer_name
BK004083,,user659@mail.com,00971404258941,Azure Munich Hotel,Luxury Hotel,USA,2022-07-12,2022-08-04,1,14108.37,38136.99,1.4,refunded,Credit Card,2023-03-05,missing customer_name
BK009911,Robert Smith,robert.smith236 at gmail.com,00971682890538,Desert London Villas,Villa,United States,2023-03-02,2023-03-18,-3,4778.18,11024.16,3.4,cancelled,crypto,2023-12-09,invalid nights (-3)
BK010063,Michael Jackson,michael.jackson852@mail.com,(+28) 762-141991,Marina London Hotel,Apartment,Germany,2024-11-30,2024-12-29,18,9028.36,10728.26,9.4,CONFIRMED,paypal,2022-11-25,rating out of range (9.4)
BK001646,Barbara Lee,barbara.lee866@mail.com,(+14) 920-613408,Desert Dubai Resort,Hotel,Germany,2024-01-15,2024-01-28,2,10249.88,25946.57,9.0,Cancelled,PayPal,2021-03-10,rating out of range (9.0)
BK008138,John Jones,john.jones359@outlook.com,664019352,Palm Riyadh Palace,Villa,UAE,2022-07-25,2022-08-24,-18,$6112.19,36904.2,1.7,refunded,CREDIT_CARD,18/08/2022,invalid nights (-18)
BK000057,David Martinez,david.martinez831@mail.com,170792780,Azure London Palace,Apartment,KSA,2024-10-02,2024-10-28,26,8989.11,13590.98,5.4,cancelled,crypto,2024-05-01,rating out of range (5.4)
BK006077,Betty Martinez,betty.martinez960@yahoo.com,00971218565800,Silver Riyadh Spa & Resort,Hostel,UK,2022-01-02,2022-01-18,9,7465.53,31561.76,9.2,pending,,06/04/2023,rating out of range (9.2)
BK001200,CHARLES DAVIS,charles.davis932@yahoo.com,00971562067569,Golden London Hotel,HOTEL,uae,2022-11-18,2022-12-16,19,7250.29,15506.68,7.6,Cancelled,debit_card,2023-04-23,rating out of range (7.6)
BK007970,thomas taylor,thomas.taylor132@yahoo.com,00971421634003,Desert Riyadh Retreat,Hostel,UAE,2022-08-02,2022-08-07,20,11412.31,6306.35,5.6,Cancelled,Credit Card,2022-08-02,rating out of range (5.6)
BK001256,david smith,david.smith000@mail.com,+971-93-1152737,Sunset Riyadh Retreat,Resort,UK,2022-06-08,2022-07-07,-28,7078.94,54259.29,3.3,CONFIRMED,Bank Transfer,2022-01-28,invalid nights (-28)
BK010621,John Brown,john.brown680@yahoo.com,,Desert Mumbai Villas,Apartment,USA,2022-11-14,2022-11-27,21,9718.41,23089.43,8.4,Confirmed,,2023-04-28,rating out of range (8.4)
BK009200,,user480@hotmail.com,+971-90-9291946,Oasis Riyadh Inn,hotel,Italy,15/09/2022,2022-10-13,2,11559.04,31032.68,4.2,CANCELLED,CREDIT_CARD,2021-11-25,missing customer_name
BK002380,Ashley Taylor,ashley.taylor938@mail.com,(+72) 392-068612,Palm Barcelona Villas,HOTEL,Germany,2024-10-31,2024-11-30,29,12677.15,42527.1,6.2,pending,paypal,2023-01-25,rating out of range (6.2)
BK004913,David Lopez,david.lopez407@hotmail.com,+971-82-0052078,Summit Tokyo Hotel,Villa,Italy,2023-10-25,2023-11-11,10,1618.27,10676.34,7.6,Pending,CREDIT_CARD,2022-06-28,rating out of range (7.6)
BK002919,Thomas Garcia,thomas.garcia764 at hotmail.com,(+22) 188-494044,Coral London Suites,hotel,france,2024-08-04,2024-08-30,28,3315.32,40892.28,8.8,pending,bank_transfer,2024-06-19,rating out of range (8.8)
BK009650,Jessica Lopez,jessica.lopez379@gmail.com,787973921,Desert Singapore Spa & Resort,Apartment,UK,2023-10-06,2023-10-26,-9,$11846.61,30203.2,4.6,Pending,Credit Card,02-05-2021,invalid nights (-9)
BK002970,Linda Davis,linda.davis147@yahoo.com,(+34) 071-972184,Grand Barcelona Resort,Hostel,KSA,2024-07-16,2024-07-19,-2,3268.23,2050.98,1.0,CANCELLED,PayPal,2022-05-20,invalid nights (-2)
BK004531,,user834 at gmail.com,549488887,Oasis Tokyo Hotel,Villa,India,2022-02-01,2022-02-15,14,$4400.56,20776.7,3.6,cancelled,,09/07/2021,missing customer_name
BK004246,Matthew Lee,matthew.lee959@gmail.com,00971744488174,Palm Barcelona Villas,Villa,India,2024-04-10,2024-04-13,-26,6981.3,5889.81,4.5,CONFIRMED,PayPal,28/03/2023,invalid nights (-26)
BK010102,William Miller,william.miller756@gmail.com,925071059,Sunset Mumbai Inn,Villa,france,2023-09-02,2023-09-22,16,962.97,13611.6,6.2,refunded,paypal,2022-02-12,rating out of range (6.2)
BK010556,Ashley Martin,ashley.martin659@outlook.com,+971-41-0975789,Palm Singapore Inn,Luxury Hotel,United Kingdom,03/12/2024,2024-12-17,24,"11167,04",21083.58,8.2,CONFIRMED,CREDIT_CARD,2024-02-15,rating out of range (8.2)
BK003380,"JACKSON, KAREN",jackson.karen297@mail.com,605100498,Coral Dubai Suites,Apartment,Italy,2023-07-07,2023-07-19,-18,5406.42,11771.52,3.5,confirmed,CREDIT_CARD,2022-05-22,invalid nights (-18)
BK010179,Linda Thompson,linda.thompson237@mail.com,196131891,Grand Munich Spa & Resort,Villa,france,2022-07-28,2022-08-22,21,$9118.25,7924.75,6.4,CANCELLED,paypal,12/02/2024,rating out of range (6.4)
BK006298,Linda Taylor,linda.taylor823 at yahoo.com,00971428020514,Palm New York Inn,Hotel,Japan,2024-01-02,2024-01-29,21,8711.85,52952.4,9.6,Confirmed,debit_card,2022-09-29,rating out of range (9.6)
BK007283,,user283@yahoo.com,00971299662991,Grand Singapore Residences,Hotel,US,2024-01-25,2024-02-16,6,8131.78,4401.54,3.1,Confirmed,Credit Card,2023-12-08,missing customer_name
BK006205,,user119@outlook.com,00971447657084,Palm Rome Resort,Apartment,UK,04-30-2022,2022-05-06,22,6315.95,995.58,4.0,CANCELLED,debit_card,2024-04-11,missing customer_name
BK000371,,,(+34) 711-592347,Silver Mumbai Resort,Budget Hotel,UAE,2023-01-14,2023-01-15,22,11891.63,1994.66,1.5,Pending,Credit Card,2024-01-10,missing customer_name
BK005717,"JONES, MARK",jones.mark754@mail.com,430154802,Golden Rome Inn,Boutique Hotel,Thailand,2024-08-06,2024-08-12,12,3397.17,3347.04,8.2,pending,Credit Card,2024-12-03,rating out of range (8.2)
BK005493,Sandra Jones,sandra.jones861@yahoo.com,282025250,Palm Munich Retreat,Budget Hotel,KSA,10-22-2024,2024-11-10,22,4971.76,33029.79,6.2,CANCELLED,bank_transfer,2022-01-31,rating out of range (6.2)
BK011687,"GARCIA, MICHAEL",garcia.michael768@outlook.com,00971725022126,Coral Singapore Retreat,Resort,UAE,2023-06-27,2023-06-30,-18,11272.22,1370.58,4.5,CONFIRMED,PayPal,2022-11-06,invalid nights (-18)
BK000974,Margaret Hernandez,margaret.hernandez683@mail.com,+971-46-0289697,Sunset Dubai Villas,Hostel,Germany,28/04/2024,2024-05-16,-19,6410.52,,1.2,confirmed,Credit Card,2024-06-30,invalid nights (-19)
BK001493,William Jackson,william.jackson190@outlook.com,+971-95-2424264,Grand Singapore Villas,Budget Hotel,Germany,2022-11-13,2022-11-23,-22,11210.34,4416.6,4.1,cancelled,PayPal,2024-06-05,invalid nights (-22)
BK005228,"RODRIGUEZ, MARGARET",rodriguez.margaret624 at mail.com,00971192418961,Palm Tokyo Villas,Boutique Hotel,Thailand,2023-10-28,2023-11-16,-10,12114.13,5707.41,4.5,Cancelled,PayPal,2023-09-17,invalid nights (-10)
BK001784,,user188@gmail.com,+971-67-7892766,Marina New York Villas,Hostel,Saudi Arabia,2023-01-20,2023-01-24,10,12118.22,7449.12,2.4,CANCELLED,CREDIT_CARD,2023-12-30,missing customer_name
BK007234,Anthony White,anthony.white073@outlook.com,947215129,Azure Riyadh Residences,Resort,Italy,2023-08-14,2023-08-26,9,9077.13,22301.52,5.4,refunded,debit_card,2023-06-01,rating out of range (5.4)
BK000464,,,(+6) 283-125558,Marina Munich Palace,HOTEL,Australia,2024-03-30,2024-04-19,20,12826.43,36167.6,1.1,CANCELLED,paypal,27/01/2021,missing customer_name
BK009493,,user362@mail.com,00971612378929,Coral Sydney Residences,Resort,UAE,2022-03-22,2022-04-07,19,454.92,7278.72,2.1,Cancelled,bank_transfer,2021-10-19,missing customer_name
BK003112,Robert Miller,robert.miller673@mail.com,00971689799318,Golden Dubai Residences,Resort,Thailand,2023-01-13,2023-02-08,11,12084.29,20387.9,9.8,Cancelled,CREDIT_CARD,2022-12-18,rating out of range (9.8)
BK004269,William Lopez,william.lopez261@yahoo.com,(+17) 004-161554,Grand Munich Villas,hotel,UAE,12-21-2023,2024-01-02,9,9253.23,2148.0,6.6,pending,debit_card,2021-04-09,rating out of range (6.6)
BK008454,Charles Wilson,charles.wilson807@mail.com,+971-01-8684330,Coral Rome Lodge,Hotel,Germany,2024-01-19,2024-02-07,-9,8664.19,26037.98,1.3,Pending,bank_transfer,2024-11-16,invalid nights (-9)
BK010317,John Perez,john.perez003@gmail.com,00971491854367,Desert Tokyo Spa & Resort,Resort,Spain,2023-05-22,2023-06-21,-24,5499.45,44467.8,3.7,pending,Bank Transfer,2024-08-06,invalid nights (-24)
BK005552,Daniel Lopez,daniel.lopez994@gmail.com,(+98) 579-573780,Summit Paris Inn,Apartment,Spain,2022-06-17,2022-06-25,23,13530.76,8297.2,5.4,Pending,PayPal,09-13-2023,rating out of range (5.4)
BK009654,"GONZALEZ, CHRISTOPHER",gonzalez.christopher802@yahoo.com,317857950,Sunset Barcelona Inn,Apartment,Germany,28/04/2022,2022-05-05,3,$1405.65,9479.54,5.8,confirmed,PayPal,2024-09-17,rating out of range (5.8)
BK006153,Susan Rodriguez,susan.rodriguez239@outlook.com,(+58) 741-992303,Palm Rome Palace,Villa,US,23/10/2024,2024-11-01,-14,13298.8,7388.19,1.8,Pending,crypto,2022-06-08,invalid nights (-14)
BK000081,,user759@yahoo.com,+971-66-4933165,Marina Mumbai Inn,Apartment,Australia,2024-10-15,2024-10-24,6,9833.8,16366.32,4.5,Pending,Bank Transfer,2021-08-30,missing customer_name
BK001419,Linda Hernandez,linda.hernandez558@hotmail.com,(+16) 691-588375,Sunset Tokyo Resort,Villa,United Kingdom,2023-03-11,2023-03-14,10,13354.0,3081.66,5.2,Pending,Credit Card,2022-09-04,rating out of range (5.2)
BK010671,Richard Gonzalez,richard.gonzalez561 at yahoo.com,(+84) 998-107541,Silver Barcelona Inn,Budget Hotel,United Kingdom,2022-11-17,2022-11-23,-22,8697.99,5134.8,2.3,cancelled,debit_card,2023-02-01,invalid nights (-22)
BK011555,"SMITH, NANCY",smith.nancy669@hotmail.com,625026194,Royal Barcelona Spa & Resort,Luxury Hotel,India,2022-09-13,2022-09-19,9,5585.64,11715.18,8.2,Pending,bank_transfer,11-15-2023,rating out of range (8.2)
BK004841,,user809@yahoo.com,,Grand Barcelona Spa & Resort,Villa,Spain,2022-03-18,2022-03-24,7,$6033.55,9179.76,,Pending,,2022-11-17,missing customer_name
BK007405,,user273@yahoo.com,963153415,Marina Paris Palace,Villa,Thailand,2022-05-14,2022-05-27,29,7245.68,1130.22,2.9,CONFIRMED,bank_transfer,2022-04-04,missing customer_name
BK009920,"MILLER, NANCY",miller.nancy357@gmail.com,+971-64-7230143,Marina Mumbai Palace,Apartment,FRANCE,07/01/2024,2024-01-31,9,"2894,61",10602.48,9.2,CANCELLED,Bank Transfer,02-07-2021,rating out of range (9.2)
BK002257,William Brown,william.brown525@outlook.com,+971-22-8423489,Oasis Rome Villas,Hostel,KSA,2023-02-22,2023-03-08,-8,6326.88,21143.78,1.8,pending,crypto,2024-07-22,invalid nights (-8)
BK005794,David Davis,david.davis936 at gmail.com,(+84) 819-665070,Grand Tokyo Inn,Resort,UAE,2023-01-24,2023-02-23,-9,6848.15,16979.4,3.0,Cancelled,paypal,2023-10-09,invalid nights (-9)
BK008439,Margaret Thompson,margaret.thompson139@mail.com,685039084,Silver New York Inn,Hostel,USA,2024-01-06,2024-01-09,-17,1895.3,,3.8,refunded,CREDIT_CARD,2022-07-07,invalid nights (-17)
BK005728,William White,william.white891@yahoo.com,630208539,Sunset Mumbai Suites,HOTEL,KSA,01/11/2024,2024-11-23,12,4193.83,21739.52,6.2,CANCELLED,debit_card,2021-12-23,rating out of range (6.2)
BK001168,margaret wilson,margaret.wilson379@mail.com,341080782,Palm Dubai Lodge,Hostel,Italy,2023-01-03,2023-01-27,6,7797.92,8304.72,7.0,CANCELLED,paypal,2024-06-19,rating out of range (7.0)
BK002749,,user940@outlook.com,(+49) 421-333759,Oasis New York Inn,Boutique Hotel,FRANCE,2024-03-16,2024-03-30,13,8665.04,23732.52,3.8,Cancelled,,2022-02-15,missing customer_name
BK009651,Christopher Moore,christopher.moore896@mail.com,+971-54-9503408,Azure London Palace,Hotel,Italy,23/12/2023,2024-01-18,-30,803.15,4548.18,1.6,CONFIRMED,credit_card,2023-10-23,invalid nights (-30)
BK011106,,user462@outlook.com,438297039,Summit Singapore Inn,Budget Hotel,FRANCE,2023-08-03,2023-08-18,13,2135.91,29102.55,4.7,Cancelled,Credit Card,2024-10-09,missing customer_name
BK004810,Daniel Lee,daniel.lee834@hotmail.com,00971005651578,Golden Paris Retreat,hotel,USA,2023-03-04,2023-03-18,3,12865.35,21545.16,6.0,CANCELLED,debit_card,10-23-2023,rating out of range (6.0)
BK009854,"DAVIS, JENNIFER",davis.jennifer196@yahoo.com,(+32) 981-187422,Golden Dubai Residences,Boutique Hotel,uae,2024-10-01,2024-10-19,-16,4333.99,22558.5,3.3,Cancelled,crypto,08-21-2024,invalid nights (-16)
BK011092,"MOORE, CHRISTOPHER",moore.christopher667@hotmail.com,+971-66-0703405,Silver Munich Inn,Budget Hotel,USA,2023-04-08,2023-05-02,14,6319.3,18905.28,6.0,CANCELLED,CREDIT_CARD,2024-11-24,rating out of range (6.0)
BK011208,,user942@yahoo.com,(+39) 558-816392,Golden Tokyo Lodge,Hotel,UAE,04/03/2022,2022-03-20,22,$1842.06,5111.2,4.4,cancelled,debit_card,2023-07-04,missing customer_name
BK003266,Robert Hernandez,robert.hernandez418@mail.com,00971731246647,Marina Sydney Resort,Hostel,UAE,2022-04-15,2022-05-11,-20,8536.91,35956.96,5.8,cancelled,bank_transfer,2023-10-28,invalid nights (-20); rating out of range (5.8)
BK010555,jennifer davis,jennifer.davis593@mail.com,478512899,Sunset Singapore Villas,Apartment,United Arab Emirates,2023-04-15,2023-05-04,22,6164.87,9739.97,7.8,CONFIRMED,credit_card,28/09/2022,rating out of range (7.8)
BK010271,Matthew Jackson,matthew.jackson124@mail.com,+971-71-3646809,Grand Barcelona Lodge,Budget Hotel,United Kingdom,2022-11-30,2022-12-18,-4,$164.39,33202.08,2.3,CONFIRMED,CREDIT_CARD,2022-09-11,invalid nights (-4)
BK008733,Karen Thomas,karen.thomas171@mail.com,(+65) 662-425679,Summit Tokyo Spa & Resort,Budget Hotel,Australia,2022-06-12,2022-06-24,7,5699.29,687.72,5.4,refunded,PayPal,2023-04-16,rating out of range (5.4)
BK006816,,user356 at outlook.com,473856015,Palm Munich Suites,HOTEL,Spain,2024-10-04,2024-10-31,19,13014.82,13114.17,3.9,confirmed,crypto,2022-03-01,missing customer_name
BK000797,matthew rodriguez,matthew.rodriguez076@yahoo.com,655694340,Marina Paris Inn,Hotel,UK,2024-05-18,2024-05-20,6,823.8,3272.82,8.8,CANCELLED,CREDIT_CARD,2022-08-04,rating out of range (8.8)
BK000236,,user119@hotmail.com,(+49) 060-800326,Summit Rome Inn,hotel,UK,2022-08-04,2022-09-01,11,13322.59,38942.96,3.1,CANCELLED,PayPal,2022-10-22,missing customer_name
BK011971,,user160@gmail.com,00971339210202,Coral Munich Residences,Apartment,Japan,2023-12-26,2024-01-20,12,$8346.68,43626.25,2.0,CANCELLED,PayPal,06/09/2021,missing customer_name
BK008128,Christopher Thompson,christopher.thompson766@mail.com,(+49) 919-828766,Desert Tokyo Residences,Boutique Hotel,United States,2023-07-04,2023-07-10,-17,10480.69,11555.58,1.9,CONFIRMED,credit_card,2024-01-26,invalid nights (-17)
BK006597,Mary Hernandez,mary.hernandez852@hotmail.com,311996622,Palm Barcelona Lodge,Boutique Hotel,United Arab Emirates,2024-09-10,2024-09-25,25,14964.77,29229.45,8.0,pending,crypto,2023-12-26,rating out of range (8.0)
BK006163,,user616@yahoo.com,705991636,Silver Tokyo Retreat,Boutique Hotel,UAE,2022-12-25,2023-01-11,26,13142.9,9005.41,1.5,CONFIRMED,CREDIT_CARD,2024-05-26,missing customer_name
BK001234,"WHITE, JOSEPH",white.joseph499 at mail.com,(+95) 101-025380,Summit Dubai Suites,Apartment,Spain,01/07/2022,2022-07-28,19,4485.25,41514.39,8.6,confirmed,Credit Card,2024-04-24,rating out of range (8.6)
BK000037,Margaret Taylor,margaret.taylor121@hotmail.com,+971-64-6308392,Oasis Sydney Retreat,HOTEL,France,2022-06-19,2022-06-22,5,6600.68,2669.04,9.6,Confirmed,Bank Transfer,2023-01-30,rating out of range (9.6)
BK002108,Linda Miller,linda.miller135@mail.com,(+33) 519-827370,Summit Singapore Resort,Apartment,Spain,2023-06-17,2023-07-11,23,159.18,45819.36,8.0,cancelled,paypal,2024-02-15,rating out of range (8.0)
BK006608,,user896@gmail.com,00971613368238,Sunset Paris Inn,Luxury Hotel,Saudi Arabia,2024-03-13,2024-04-10,29,12529.31,19937.68,4.5,confirmed,Bank Transfer,2023-08-08,missing customer_name
BK002013,Matthew Thompson,matthew.thompson196@yahoo.com,+971-50-0852677,Oasis Riyadh Residences,hotel,United Kingdom,2024-04-04,2024-05-04,-27,14858.29,2853.3,4.8,refunded,credit_card,2022-01-19,invalid nights (-27)
BK005203,,,00971185310871,Silver Sydney Residences,Resort,USA,2023-09-01,2023-09-25,29,7267.74,30029.52,1.5,CONFIRMED,credit_card,2021-06-01,missing customer_name
BK006480,"GARCIA, JESSICA",garcia.jessica213@yahoo.com,(+15) 717-385285,Desert Tokyo Suites,hotel,Japan,2023-06-30,2023-07-19,-24,13551.16,19792.68,3.0,refunded,Bank Transfer,20/07/2024,invalid nights (-24)
BK004562,,user290@outlook.com,00971985659038,Desert Singapore Resort,HOTEL,UK,2024-11-07,2024-11-22,5,3645.66,4843.8,4.7,pending,credit_card,2022-06-05,missing customer_name
BK004125,Lisa Wilson,,756030706,Palm Munich Suites,Hostel,USA,2024-12-11,2024-12-28,-12,10973.98,26921.54,2.9,CONFIRMED,paypal,2023-08-14,invalid nights (-12)
BK003200,JOHN THOMAS,john.thomas629@yahoo.com,+971-19-1731867,Oasis Munich Inn,Budget Hotel,KSA,2022-04-09,2022-05-09,22,$3234.36,10115.4,5.8,Confirmed,Bank Transfer,2021-01-31,rating out of range (5.8)
BK000248,Susan Lopez,susan.lopez007@hotmail.com,(+21) 050-828338,Royal Barcelona Residences,Villa,Japan,2022-10-10,2022-10-25,17,8211.83,13254.75,7.2,Cancelled,PayPal,2022-02-15,rating out of range (7.2)
BK007395,Richard Hernandez,richard.hernandez101@hotmail.com,125927253,Sunset Riyadh Palace,Budget Hotel,FRANCE,2022-11-30,2022-12-13,28,14316.01,23762.05,8.4,Confirmed,paypal,2021-11-24,rating out of range (8.4)
BK006049,,user006@mail.com,(+54) 186-056933,Summit Mumbai Lodge,Luxury Hotel,India,02/04/2022,2022-04-28,11,11954.3,47335.34,1.7,Pending,PayPal,2021-02-19,missing customer_name
BK005751,,user720@hotmail.com,00971724172676,Desert Paris Retreat,Villa,Germany,2022-10-04,2022-10-26,21,14667.66,18714.74,4.1,Pending,Bank Transfer,02-08-2021,missing customer_name
BK011156,Patricia Taylor,patricia.taylor384 at hotmail.com,986574251,Desert Riyadh Inn,HOTEL,United Kingdom,08/05/2023,2023-05-26,1,8371.62,2513.52,8.8,confirmed,debit_card,12-27-2024,rating out of range (8.8)
BK002305,"GARCIA, ASHLEY",garcia.ashley841@outlook.com,,Silver Rome Hotel,hotel,Japan,2022-04-24,2022-05-06,18,11043.61,1145.28,7.8,refunded,,2021-12-02,rating out of range (7.8)
BK001947,,user290@outlook.com,(+66) 851-628878,Coral Barcelona Suites,hotel,Germany,11-15-2023,2023-12-01,7,10706.59,3205.44,4.7,CANCELLED,crypto,2022-04-08,missing customer_name
BK005471,Susan Lee,susan.lee035@mail.com,00971837887072,Coral Riyadh Suites,HOTEL,uae,11/10/2022,2022-11-09,-2,3353.87,34815.08,2.0,Pending,,2024-06-03,invalid nights (-2)
BK006319,joseph thomas,,00971481795558,Oasis Riyadh Villas,HOTEL,UAE,2024-09-12,2024-09-23,-27,9443.34,13446.4,3.3,CONFIRMED,crypto,2024-09-15,invalid nights (-27)
BK003730,,user428@outlook.com,+971-19-1869464,Marina New York Hotel,Budget Hotel,FRANCE,2022-08-31,2022-09-17,3,10054.39,27456.53,1.7,pending,bank_transfer,2021-08-02,missing customer_name
BK007761,John Wilson,john.wilson316@hotmail.com,406625264,Marina Dubai Spa & Resort,Resort,Singapore,2023-03-10,2023-04-05,9,8510.35,33165.08,7.8,Pending,Bank Transfer,2022-11-23,rating out of range (7.8)
BK009248,,user815@yahoo.com,00971310210795,Silver Barcelona Resort,Boutique Hotel,United Arab Emirates,08-31-2022,2022-09-27,28,3192.26,,1.1,confirmed,CREDIT_CARD,2024-06-23,missing customer_name
BK005298,,user512@gmail.com,+971-67-9655635,Sunset Riyadh Residences,Villa,Italy,07/04/2023,2023-04-29,20,8645.79,37893.24,1.8,refunded,debit_card,2024-10-11,missing customer_name
BK004532,Sarah Anderson,sarah.anderson380@mail.com,(+75) 866-541847,Marina Mumbai Resort,Villa,USA,2022-08-12,2022-09-02,-2,3678.39,34589.1,1.7,refunded,debit_card,2022-02-10,invalid nights (-2)
BK005230,,user277@gmail.com,+971-75-2316891,Sunset Singapore Spa & Resort,Boutique Hotel,KSA,2024-05-21,2024-06-16,16,2819.42,8653.84,3.3,refunded,PayPal,2024-09-27,missing customer_name
BK010986,Jennifer Martin,jennifer.martin291@gmail.com,(+54) 911-900113,Coral London Residences,Hotel,USA,2023-05-28,2023-06-26,8,9639.71,36750.54,9.0,CANCELLED,Credit Card,2024-09-20,rating out of range (9.0)
BK009917,Sarah Jackson,,00971141738396,Summit Rome Resort,HOTEL,Singapore,2024-12-08,2024-12-14,18,9751.94,3953.7,8.0,pending,PayPal,2023-12-13,rating out of range (8.0)
BK009350,Christopher Garcia,christopher.garcia588@yahoo.com,00971200195797,Marina London Residences,Hotel,Australia,2023-10-08,2023-10-12,30,$1305.71,7958.72,8.0,Confirmed,debit_card,2023-09-13,rating out of range (8.0)
BK000103,Susan Miller,susan.miller417@hotmail.com,+971-26-1196667,Marina Barcelona Lodge,Boutique Hotel,Germany,2023-07-06,2023-07-30,29,7387.54,33169.44,6.6,Cancelled,Bank Transfer,13/01/2024,rating out of range (6.6)
BK004574,,user485@gmail.com,(+16) 672-619787,Desert New York Suites,Luxury Hotel,France,2023-04-20,2023-04-26,23,5876.75,4959.96,4.1,refunded,crypto,2021-10-16,missing customer_name
BK009378,Thomas Lopez,thomas.lopez064@gmail.com,+971-87-2694053,Azure Dubai Retreat,Luxury Hotel,Germany,2024-11-13,2024-11-28,-17,"2479,14",19180.8,2.8,CANCELLED,Bank Transfer,2024-01-17,invalid nights (-17)
BK006515,Mary White,mary.white900@mail.com,(+29) 582-770776,Oasis Sydney Suites,Resort,France,2022-04-26,2022-05-10,10,11612.24,18221.7,7.4,CONFIRMED,paypal,2023-06-19,rating out of range (7.4)
BK008298,Charles Rodriguez,charles.rodriguez423@hotmail.com,00971879592314,Coral Sydney Spa & Resort,Boutique Hotel,Saudi Arabia,2023-07-22,2023-08-12,27,1277.9,3737.37,9.4,Confirmed,CREDIT_CARD,2022-11-29,rating out of range (9.4)
BK011187,Joseph Wilson,joseph.wilson603@hotmail.com,00971384733149,Grand Barcelona Residences,Boutique Hotel,Singapore,2024-01-27,2024-02-03,-12,1005.51,4379.48,5.6,pending,Credit Card,2024-05-04,invalid nights (-12); rating out of range (5.6)
BK007749,Linda Wilson,linda.wilson194@mail.com,+971-00-6545713,Desert Mumbai Palace,HOTEL,United Kingdom,2024-07-10,2024-08-04,-11,6530.22,29290.25,3.2,Cancelled,bank_transfer,2021-11-18,invalid nights (-11)
BK010461,,user370 at mail.com,(+96) 781-237828,Oasis New York Lodge,Boutique Hotel,Singapore,2024-10-17,2024-11-08,-22,962.71,34183.82,2.9,CANCELLED,Credit Card,11/09/2023,missing customer_name; invalid nights (-22)
BK006464,"MILLER, CHARLES",miller.charles441@mail.com,+971-65-8257626,Silver Singapore Resort,Apartment,UK,2024-10-23,2024-10-28,21,10137.97,7905.5,5.4,Cancelled,PayPal,2022-04-09,rating out of range (5.4)
BK003571,,,+971-09-9191748,Sunset London Palace,Apartment,Japan,2022-10-10,2022-10-17,13,"8615,72",11742.36,4.0,confirmed,crypto,2022-11-03,missing customer_name
BK005985,Christopher Smith,christopher.smith808@outlook.com,00971055352860,Oasis Tokyo Hotel,Luxury Hotel,france,2023-02-18,2023-02-28,17,14342.24,14594.1,9.0,pending,crypto,2021-05-17,rating out of range (9.0)
BK001011,,user036@yahoo.com,+971-06-9186588,Royal Riyadh Palace,hotel,US,2022-05-23,2022-06-14,23,14038.28,37089.36,4.2,refunded,credit_card,2023-06-08,missing customer_name
BK006086,"MARTINEZ, SANDRA",,+971-42-8562114,Royal Dubai Retreat,Apartment,United States,2024-02-10,2024-03-06,25,$13256.67,45888.5,9.4,Cancelled,,2022-10-05,rating out of range (9.4)
BK009191,Linda Jones,linda.jones233@yahoo.com,498375885,Marina Rome Inn,Resort,FRANCE,2023-06-08,2023-06-18,-28,8516.52,7459.6,1.7,confirmed,credit_card,2024-12-17,invalid nights (-28)
BK001191,Charles Gonzalez,charles.gonzalez342 at outlook.com,956748925,Marina Munich Resort,Luxury Hotel,Saudi Arabia,2024-05-09,2024-05-30,19,12821.33,14112.42,8.0,CANCELLED,credit_card,01-03-2021,rating out of range (8.0)
BK006936,Mary White,,027363508,Grand Riyadh Retreat,Hostel,Spain,2023-11-25,2023-11-29,1,1993.35,3067.32,7.0,pending,crypto,2022-09-05,rating out of range (7.0)
BK009209,,user928@yahoo.com,00971768294681,Sunset Paris Hotel,Luxury Hotel,Thailand,2022-11-06,2022-11-26,10,4620.39,14352.4,4.7,Pending,credit_card,2021-03-26,missing customer_name
BK000902,Robert Perez,robert.perez506@hotmail.com,394146142,Palm Tokyo Suites,Resort,Australia,2024-11-20,2024-12-09,24,5198.59,21169.23,8.2,Confirmed,crypto,06/02/2021,rating out of range (8.2)
BK008035,Christopher Thomas,christopher.thomas735@hotmail.com,00971891098289,Silver Riyadh Residences,Hotel,Thailand,2024-01-22,2024-02-19,8,8819.52,34299.44,6.0,CANCELLED,paypal,2021-04-04,rating out of range (6.0)
BK011336,"JONES, BARBARA",,00971703818447,Sunset Paris Residences,Villa,KSA,2024-03-22,2024-04-05,24,4359.41,1559.74,6.4,Pending,crypto,2023-11-01,rating out of range (6.4)
BK006133,,user956@gmail.com,00971362602603,Sunset Tokyo Lodge,Apartment,uae,2023-02-25,2023-03-19,19,$2525.29,25720.2,3.0,pending,Bank Transfer,2021-02-22,missing customer_name
BK002292,Patricia Lee,,102229271,Oasis New York Resort,hotel,FRANCE,2024-01-21,2024-01-25,18,4136.74,7605.64,5.6,Cancelled,debit_card,2024-05-23,rating out of range (5.6)
BK006568,"MARTIN, DAVID",martin.david651@hotmail.com,+971-88-7591111,Desert Tokyo Inn,hotel,Germany,2023-10-18,2023-10-19,25,5806.64,1000.32,7.8,pending,CREDIT_CARD,2023-04-07,rating out of range (7.8)
BK001667,Patricia Wilson,patricia.wilson114 at gmail.com,+971-58-4010799,Oasis Mumbai Resort,HOTEL,UK,2024-05-08,2024-05-09,-19,9804.32,576.11,1.5,Pending,debit_card,2024-08-16,invalid nights (-19)
BK001331,,user321@hotmail.com,00971637834732,Golden Paris Hotel,Apartment,United Kingdom,2024-07-03,2024-07-18,16,496.67,26352.45,4.6,cancelled,CREDIT_CARD,2021-05-07,missing customer_name
BK008849,christopher anderson,christopher.anderson018@hotmail.com,00971646167679,Silver Singapore Villas,Boutique Hotel,Singapore,2022-11-03,2022-11-20,-25,7654.66,8878.76,2.3,pending,Bank Transfer,2022-07-15,invalid nights (-25)
BK001817,Anthony Davis,anthony.davis323@outlook.com,,Coral Dubai Spa & Resort,Hotel,India,2024-12-08,2024-12-27,-23,9438.43,3392.07,1.5,CONFIRMED,,2023-09-30,invalid nights (-23)
BK010712,Matthew Brown,matthew.brown689@outlook.com,+971-98-8473118,Sunset Rome Hotel,Hotel,United States,2023-08-26,2023-09-19,-22,3730.92,19697.04,4.1,Confirmed,Bank Transfer,2022-11-14,invalid nights (-22)
BK000748,,user431@mail.com,306303821,Royal Tokyo Villas,Budget Hotel,Japan,2024-01-06,2024-02-03,-30,14430.85,55826.12,1.5,Confirmed,crypto,2023-03-29,missing customer_name; invalid nights (-30)
BK008233,Jessica Lee,jessica.lee682@mail.com,00971295709167,Palm Sydney Residences,Hotel,KSA,2022-05-07,2022-06-02,-20,$7688.97,24945.18,4.6,pending,bank_transfer,2023-06-26,invalid nights (-20)
BK011982,"SMITH, CHARLES",smith.charles519@gmail.com,(+71) 413-289085,Oasis London Villas,hotel,USA,2023-05-28,2023-06-18,-9,623.31,41884.5,7.6,Cancelled,Credit Card,2024-08-16,invalid nights (-9); rating out of range (7.6)
BK008356,,user375@hotmail.com,00971636391914,Desert New York Residences,Budget Hotel,FRANCE,2023-04-12,2023-04-29,6,8211.13,24147.99,2.8,CONFIRMED,Credit Card,2024-09-13,missing customer_name
BK000159,James Lee,,623679652,Grand Tokyo Retreat,Apartment,uae,2022-03-13,2022-04-04,25,13359.19,35374.68,5.2,CONFIRMED,Bank Transfer,2023-08-23,rating out of range (5.2)
BK001069,Margaret Moore,margaret.moore782@yahoo.com,00971011350773,Desert Munich Hotel,Hostel,FRANCE,11/10/2024,2024-10-17,21,3884.23,4170.06,9.2,Cancelled,Credit Card,2021-08-26,rating out of range (9.2)
BK000898,"ANDERSON, MARK",anderson.mark154@mail.com,+971-75-8627957,Azure Singapore Retreat,Resort,Germany,10/11/2024,2024-11-11,20,$7841.87,259.06,6.8,refunded,credit_card,01-25-2024,rating out of range (6.8)
BK008289,,user703@gmail.com,529057507,Marina Rome Lodge,HOTEL,Thailand,2024-10-17,2024-11-01,23,4532.81,15619.2,1.6,Pending,PayPal,2023-08-21,missing customer_name
BK006494,thomas white,thomas.white771@gmail.com,+971-76-0408978,Sunset London Residences,HOTEL,India,22/12/2022,2023-01-14,19,7673.74,27627.37,9.8,confirmed,debit_card,2024-09-02,rating out of range (9.8)
BK009959,Anthony Jackson,anthony.jackson189@yahoo.com,(+96) 609-707058,Royal Tokyo Suites,Boutique Hotel,Australia,2023-09-18,2023-09-22,13,9629.67,1966.92,9.8,Cancelled,,2021-05-31,rating out of range (9.8)
BK007154,Susan White,susan.white611@mail.com,+971-61-4699616,Royal London Villas,HOTEL,UK,2023-04-07,2023-04-18,-29,14535.03,8331.51,2.8,CANCELLED,Bank Transfer,05/02/2023,invalid nights (-29)
BK008672,Sarah Davis,sarah.davis234@yahoo.com,726613927,Summit Sydney Villas,HOTEL,UAE,2022-02-17,2022-03-08,-21,2517.71,34679.37,2.3,Cancelled,,27/02/2023,invalid nights (-21)
BK007158,Nancy Taylor,nancy.taylor109@hotmail.com,00971968089952,Oasis Munich Resort,Hostel,Australia,2024-04-08,2024-04-14,23,6863.42,3857.1,7.4,refunded,credit_card,2024-10-08,rating out of range (7.4)
BK002064,mark miller,mark.miller287@gmail.com,+971-16-2245782,Marina Rome Retreat,HOTEL,UAE,2023-08-09,2023-08-15,25,5230.5,5084.04,7.0,Pending,Bank Transfer,2023-06-27,rating out of range (7.0)
BK010359,Christopher Gonzalez,christopher.gonzalez338 at hotmail.com,764995136,Summit New York Spa & Resort,Budget Hotel,Spain,2022-05-14,2022-05-24,-9,14071.21,19587.6,3.7,Pending,,2021-05-19,invalid nights (-9)
BK006492,Betty Johnson,betty.johnson307@outlook.com,216103988,Marina Singapore Lodge,Hostel,Japan,2024-08-16,2024-08-30,26,10392.82,2332.26,7.2,pending,debit_card,2024-07-28,rating out of range (7.2)
BK008596,Barbara Lee,barbara.lee750@outlook.com,,Oasis Dubai Villas,Hostel,US,2024-06-08,2024-06-11,-5,2259.38,2499.21,2.6,Cancelled,CREDIT_CARD,2022-04-06,invalid nights (-5)
BK010138,"LEE, ASHLEY",lee.ashley160@gmail.com,064182896,Royal Barcelona Resort,Budget Hotel,uae,2024-11-13,2024-12-10,-2,6922.84,32304.15,4.7,pending,Credit Card,2021-10-06,invalid nights (-2)
BK006445,"THOMPSON, JAMES",thompson.james167@outlook.com,975756913,Marina Rome Suites,Apartment,Saudi Arabia,03/07/2023,2023-07-21,-5,11883.23,23836.14,1.7,Confirmed,CREDIT_CARD,2022-03-16,invalid nights (-5)
BK010949,,user033@yahoo.com,,Summit Rome Spa & Resort,Boutique Hotel,United States,2022-10-21,2022-11-04,7,8168.73,2709.7,4.2,cancelled,credit_card,2021-10-24,missing customer_name
BK009404,,user361@outlook.com,00971738153018,Azure Paris Villas,Boutique Hotel,US,08-24-2023,2023-09-18,25,13353.11,23537.5,4.8,Pending,PayPal,27/07/2021,missing customer_name
BK002277,,user363@gmail.com,544424057,Royal Sydney Inn,Hotel,India,2022-07-15,2022-07-23,16,1639.88,15445.68,2.9,Cancelled,CREDIT_CARD,2024-02-18,missing customer_name
BK010195,,user722@yahoo.com,(+86) 899-364732,Sunset Dubai Villas,Villa,Spain,2022-06-19,2022-07-18,7,8291.3,52285.55,1.2,pending,PayPal,2024-04-15,missing customer_name
BK000181,Christopher Johnson,christopher.johnson437 at yahoo.com,00971533388926,Golden Sydney Inn,Apartment,uae,2023-10-24,2023-11-07,-4,409.15,8181.18,2.9,confirmed,paypal,2023-12-01,invalid nights (-4)
BK001762,Anthony Thompson,,378359995,Golden Munich Inn,Apartment,france,2024-06-27,2024-07-18,-11,9852.9,14655.06,4.6,CONFIRMED,bank_transfer,2021-10-20,invalid nights (-11)
BK005443,James Miller,james.miller017@mail.com,(+56) 906-528571,Azure Singapore Spa & Resort,Resort,US,2024-07-20,2024-07-23,14,3698.6,5315.61,8.8,CONFIRMED,Credit Card,13/10/2024,rating out of range (8.8)
BK011038,David Lee,david.lee790@hotmail.com,,Sunset Munich Suites,Villa,Germany,2022-01-08,2022-01-14,-16,176.85,2949.48,3.2,Cancelled,paypal,08-25-2022,invalid nights (-16)
BK008962,Robert White,robert.white808@outlook.com,395438102,Summit London Inn,Resort,france,25/05/2022,2022-06-15,6,12738.1,,5.8,Confirmed,Credit Card,2022-05-03,rating out of range (5.8)
BK005895,,user995@yahoo.com,411263614,Marina Riyadh Palace,Boutique Hotel,Japan,2024-03-12,2024-04-11,10,8092.39,32771.1,3.7,Cancelled,Bank Transfer,2022-03-01,missing customer_name
BK004060,,user423@gmail.com,(+41) 638-898856,Desert Rome Resort,Apartment,Saudi Arabia,2024-08-31,2024-09-06,6,4229.4,1311.6,2.4,pending,Bank Transfer,2021-05-28,missing customer_name
BK011422,Mary Brown,,+971-07-1936630,Marina Rome Lodge,Resort,France,2022-08-24,2022-09-14,-9,6765.08,26554.71,4.8,cancelled,credit_card,2021-06-07,invalid nights (-9)
BK009614,Susan Wilson,susan.wilson187@mail.com,(+24) 211-263346,Royal Tokyo Suites,Budget Hotel,france,2022-08-14,2022-09-06,16,"6025,08",8368.55,6.8,pending,,2023-02-02,rating out of range (6.8)
BK007305,,user743@mail.com,00971928719752,Oasis Singapore Residences,hotel,United Arab Emirates,2022-11-24,2022-11-29,30,10510.14,7356.35,2.5,Pending,Bank Transfer,2021-09-13,missing customer_name
BK000052,Charles Davis,charles.davis212@mail.com,00971662896417,Summit New York Residences,Hostel,Australia,2022-02-03,2022-03-05,2,"1161,24",,7.0,Confirmed,credit_card,2022-03-24,rating out of range (7.0)
BK008658,Robert Miller,robert.miller268@gmail.com,+971-36-4872511,Azure Munich Resort,HOTEL,USA,2024-07-17,2024-07-29,-20,9283.11,1702.8,4.8,confirmed,paypal,2024-10-26,invalid nights (-20)
BK009014,,user549@outlook.com,819926681,Silver Barcelona Residences,Hotel,Japan,2024-02-24,2024-03-23,18,$9901.26,43473.36,3.1,Pending,crypto,2023-04-01,missing customer_name
BK010119,,,00971572510752,Marina Mumbai Resort,Luxury Hotel,Saudi Arabia,2022-01-31,2022-02-12,1,11689.59,21333.12,4.2,Pending,CREDIT_CARD,2024-04-14,missing customer_name
BK004933,Karen Martin,karen.martin115@yahoo.com,(+75) 267-275156,Silver Riyadh Villas,HOTEL,Germany,2022-04-27,2022-05-15,-28,2871.35,30623.94,5.6,CANCELLED,CREDIT_CARD,2023-08-05,invalid nights (-28); rating out of range (5.6)
BK006191,,user248@gmail.com,(+45) 821-873443,Silver Riyadh Residences,Hostel,USA,2024-03-19,2024-03-26,26,13103.25,1505.7,2.3,cancelled,Credit Card,2021-07-07,missing customer_name
BK002226,Susan Lopez,susan.lopez936@hotmail.com,,Oasis Dubai Retreat,Resort,Italy,06-15-2022,2022-06-21,8,10682.4,3909.78,8.4,pending,debit_card,2021-07-19,rating out of range (8.4)
BK004419,Betty Hernandez,betty.hernandez063@mail.com,00971242822274,Desert Singapore Retreat,Budget Hotel,US,2023-05-20,2023-06-08,23,11914.14,7496.07,5.2,CANCELLED,bank_transfer,2024-10-26,rating out of range (5.2)
BK009726,margaret davis,margaret.davis906@gmail.com,(+99) 111-280990,Sunset Barcelona Villas,Apartment,uae,2024-05-16,2024-06-14,-22,$2284.78,40828.81,4.4,refunded,debit_card,2024-10-04,invalid nights (-22)
BK007660,,user043 at yahoo.com,497759392,Silver Tokyo Retreat,Luxury Hotel,United Arab Emirates,2022-07-06,2022-07-26,4,6362.55,6206.4,3.1,CANCELLED,paypal,2021-08-09,missing customer_name
BK006817,,user012@gmail.com,530568787,Grand Barcelona Retreat,Resort,France,2023-08-01,2023-08-21,26,11728.6,33994.0,2.7,Confirmed,CREDIT_CARD,2022-11-13,missing customer_name
BK011248,Joseph Martin,joseph.martin356@outlook.com,,Desert Munich Resort,Hostel,Australia,2022-03-16,2022-04-02,30,3943.49,4498.37,9.0,Confirmed,Bank Transfer,2023-12-24,rating out of range (9.0)
BK000375,Betty White,betty.white339@yahoo.com,(+29) 278-578981,Azure Riyadh Retreat,hotel,Australia,23/07/2024,2024-08-09,2,14850.84,10647.44,9.8,CANCELLED,CREDIT_CARD,2022-03-19,rating out of range (9.8)
BK009447,,user841@outlook.com,(+90) 249-568602,Desert Rome Residences,Budget Hotel,UAE,28/04/2024,2024-05-06,5,5728.24,530.72,,cancelled,debit_card,06-27-2022,missing customer_name
BK008360,"LEE, LINDA",lee.linda922@yahoo.com,00971699998674,Golden Paris Villas,Apartment,UAE,2024-02-23,2024-02-27,-3,13964.45,6901.36,2.7,Cancelled,bank_transfer,2021-09-24,invalid nights (-3)
BK000425,Margaret Jackson,margaret.jackson901@yahoo.com,937654834,Royal Mumbai Villas,Villa,KSA,02/05/2022,2022-05-30,-18,11160.29,24205.44,8.6,Cancelled,PayPal,2024-10-19,invalid nights (-18); rating out of range (8.6)
BK004106,"RODRIGUEZ, MARY",rodriguez.mary131@hotmail.com,,Azure Sydney Spa & Resort,Apartment,Thailand,07-15-2022,2022-07-17,-26,13810.16,516.14,2.4,pending,CREDIT_CARD,2024-03-13,invalid nights (-26)
BK008823,Charles Martin,charles.martin800@hotmail.com,(+34) 973-187644,Grand Singapore Retreat,Hostel,Thailand,2024-08-09,2024-08-15,14,6980.28,8700.48,8.8,Cancelled,CREDIT_CARD,2022-07-29,rating out of range (8.8)
BK000899,,user576@gmail.com,00971736768501,Royal Riyadh Resort,Budget Hotel,India,2023-03-20,2023-04-16,1,1172.54,2674.89,4.3,Confirmed,crypto,08-24-2021,missing customer_name
BK010657,Richard Jackson,richard.jackson114@gmail.com,(+50) 567-308593,Oasis Tokyo Spa & Resort,Budget Hotel,India,2023-06-20,2023-06-24,23,13580.22,6158.04,7.6,Cancelled,CREDIT_CARD,21/04/2023,rating out of range (7.6)
BK008863,Margaret Anderson,margaret.anderson148 at yahoo.com,00971583106438,Marina Paris Inn,Budget Hotel,uae,15/10/2022,2022-10-26,-23,10603.38,3160.19,2.8,CONFIRMED,Bank Transfer,2022-07-28,invalid nights (-23)
BK011247,Margaret Thompson,margaret.thompson532@hotmail.com,+971-22-9815876,Royal Riyadh Palace,hotel,India,2024-08-13,2024-09-09,-14,13886.56,29691.09,2.7,pending,credit_card,2021-09-16,invalid nights (-14)
BK002864,"WHITE, ROBERT",white.robert972@gmail.com,00971232710368,Royal Rome Residences,Boutique Hotel,United States,2022-06-22,2022-07-02,-28,9265.05,16461.9,1.6,Confirmed,Credit Card,08/02/2023,invalid nights (-28)
BK005611,,user649@gmail.com,(+20) 037-912722,Grand Barcelona Retreat,Resort,Japan,21/01/2022,2022-01-26,25,7105.81,8688.35,2.9,refunded,paypal,2023-07-24,missing customer_name
BK001528,,,845988778,Golden Munich Villas,HOTEL,Italy,2023-07-11,2023-07-24,-22,8743.48,17549.61,4.1,CANCELLED,CREDIT_CARD,2022-01-26,missing customer_name; invalid nights (-22)
BK002748,"JOHNSON, DAVID",johnson.david002@gmail.com,+971-31-4578053,Sunset Tokyo Lodge,Boutique Hotel,Thailand,2022-11-28,2022-12-10,-28,8311.41,3767.4,3.3,cancelled,,2023-12-28,invalid nights (-28)
BK007388,Mark Davis,mark.davis617@hotmail.com,196224048,Oasis Dubai Villas,Apartment,france,2022-01-10,2022-01-18,-9,6549.71,10102.96,2.8,Pending,credit_card,2023-06-08,invalid nights (-9)
BK003612,Margaret Anderson,margaret.anderson369@yahoo.com,533769035,Desert Riyadh Residences,hotel,Saudi Arabia,2022-03-07,2022-03-10,-28,10366.37,4029.87,1.7,refunded,Bank Transfer,2022-04-24,invalid nights (-28)
BK008813,Sarah Lee,sarah.lee201@mail.com,+971-55-3033072,Azure Tokyo Suites,Hostel,Italy,2024-02-25,2024-03-01,23,7006.49,2622.2,7.2,Pending,,2021-08-09,rating out of range (7.2)
BK003600,KAREN MOORE,karen.moore188@mail.com,+971-79-1695435,Desert Dubai Suites,HOTEL,KSA,2023-12-04,2023-12-09,-11,417.15,8533.8,3.6,cancelled,CREDIT_CARD,2021-11-26,invalid nights (-11)
BK009294,Betty Williams,betty.williams376@hotmail.com,175021240,Oasis Paris Palace,Apartment,Australia,2024-11-15,2024-11-27,-14,11636.64,3004.2,2.3,CONFIRMED,PayPal,2024-07-13,invalid nights (-14)
BK007589,Jessica Lopez,jessica.lopez571@hotmail.com,00971108532581,Desert Mumbai Resort,hotel,Italy,2022-10-19,2022-10-26,5,13475.71,11132.73,7.4,cancelled,debit_card,2021-01-22,rating out of range (7.4)
BK001121,Mary Lee,mary.lee124@gmail.com,00971832126320,Desert Riyadh Resort,Boutique Hotel,United States,2022-11-05,2022-11-22,5,9897.4,8226.64,7.4,Cancelled,,2021-03-13,rating out of range (7.4)
BK010790,Barbara Garcia,barbara.garcia349@outlook.com,,Palm London Resort,Apartment,Singapore,2022-09-16,2022-09-29,19,12995.36,11453.13,7.2,CONFIRMED,PayPal,2021-10-23,rating out of range (7.2)
BK007378,Matthew Lopez,matthew.lopez089@yahoo.com,017412996,Coral London Suites,Luxury Hotel,US,2024-05-13,2024-06-11,6,11231.56,52736.79,9.2,refunded,CREDIT_CARD,2023-12-23,rating out of range (9.2)
BK000704,Jennifer Johnson,jennifer.johnson229@mail.com,+971-36-6200909,Grand Dubai Villas,Resort,Germany,2022-07-31,2022-08-02,-12,5614.75,1938.06,4.1,Confirmed,credit_card,17/06/2021,invalid nights (-12)
BK003749,Daniel Rodriguez,daniel.rodriguez328@mail.com,+971-68-1576379,Grand London Resort,Luxury Hotel,United States,15/10/2022,2022-10-22,-7,2876.79,909.93,2.7,Confirmed,CREDIT_CARD,2022-11-14,invalid nights (-7)
BK002532,Nancy Hernandez,nancy.hernandez483@hotmail.com,708100965,Coral Barcelona Inn,Boutique Hotel,UK,2024-04-21,2024-05-13,27,152.72,,7.2,Pending,debit_card,2021-12-02,rating out of range (7.2)
BK000864,Jennifer Thomas,jennifer.thomas178@gmail.com,+971-01-4497139,Silver Riyadh Residences,Villa,UK,2023-06-17,2023-06-30,-21,10026.99,15117.31,1.8,cancelled,bank_transfer,2023-08-22,invalid nights (-21)
BK005457,Sandra Rodriguez,sandra.rodriguez263@outlook.com,341572025,Sunset Singapore Hotel,Apartment,Singapore,2024-01-19,2024-01-27,29,13517.71,2595.04,9.0,pending,paypal,2021-07-08,rating out of range (9.0)
BK011980,"WHITE, JAMES",white.james137@outlook.com,00971866529187,Sunset Dubai Suites,Boutique Hotel,Spain,2024-06-12,2024-06-17,-29,7860.76,6763.05,2.4,Confirmed,crypto,2023-09-08,invalid nights (-29)
BK009462,Jennifer Thompson,jennifer.thompson803@yahoo.com,+971-89-6104144,Grand Riyadh Resort,Hotel,France,2022-10-06,2022-10-19,8,11788.76,14799.33,5.8,pending,Bank Transfer,2024-06-03,rating out of range (5.8)
BK003131,Thomas Wilson,thomas.wilson624 at gmail.com,(+49) 313-805467,Marina Rome Residences,hotel,USA,2023-09-23,2023-10-03,8,1320.9,8800.4,6.0,Confirmed,Credit Card,05-31-2022,rating out of range (6.0)
BK010300,,user435@mail.com,080722813,Desert London Villas,hotel,france,2022-11-04,2022-11-13,24,8308.21,5566.05,4.8,pending,paypal,2022-11-17,missing customer_name
BK001200,CHARLES DAVIS,charles.davis932@yahoo.com,00971562067569,Golden London Hotel,HOTEL,uae,2022-11-18,2022-12-16,19,7250.29,15506.68,7.6,Cancelled,debit_card,2023-04-23,rating out of range (7.6)
BK000086,Sarah Jackson,,00971891914023,Oasis Singapore Lodge,HOTEL,Thailand,2023-01-07,2023-02-01,22,9972.47,18731.75,7.0,Confirmed,crypto,2023-08-20,rating out of range (7.0)
BK003600,KAREN MOORE,karen.moore188@mail.com,+971-79-1695435,Desert Dubai Suites,HOTEL,KSA,2023-12-04,2023-12-09,-11,417.15,8533.8,3.6,cancelled,CREDIT_CARD,2021-11-26,invalid nights (-11)
BK011220,"WHITE, JOHN",white.john910 at hotmail.com,,Coral Dubai Retreat,Budget Hotel,United States,2022-03-30,2022-04-23,-12,12660.82,21222.48,4.7,CONFIRMED,PayPal,2021-01-05,invalid nights (-12)
BK006555,,user051@outlook.com,436798542,Golden Riyadh Spa & Resort,Villa,Germany,2023-01-06,2023-01-10,23,$1534.4,5186.6,4.2,Pending,Bank Transfer,2024-02-23,missing customer_name
BK009694,Barbara Moore,barbara.moore168@hotmail.com,+971-42-0872909,Grand Riyadh Lodge,Boutique Hotel,Singapore,2022-03-22,2022-04-03,15,14946.14,5133.36,9.0,cancelled,Credit Card,2021-11-30,rating out of range (9.0)
BK011505,,user985@outlook.com,(+9) 741-125455,Golden Dubai Palace,Resort,UK,05-31-2023,2023-06-16,26,$8192.44,18280.8,2.1,Pending,credit_card,2022-12-20,missing customer_name
BK006246,charles perez,,00971562211913,Coral New York Hotel,Apartment,Singapore,2022-11-24,2022-12-20,-10,$9452.53,8290.62,3.0,Pending,PayPal,2022-01-20,invalid nights (-10)
BK009068,Daniel Perez,,00971176153296,Coral Munich Residences,Hotel,Spain,2024-02-08,2024-02-21,-2,7664.89,25956.97,2.5,Pending,Credit Card,2021-04-07,invalid nights (-2)
BK010809,,user217@gmail.com,+971-74-7212132,Sunset Mumbai Palace,HOTEL,UK,2022-12-19,2023-01-06,12,5205.72,9034.2,1.1,Pending,paypal,2022-07-15,missing customer_name
BK005109,Nancy Davis,nancy.davis525@mail.com,,Marina Tokyo Retreat,Luxury Hotel,United Kingdom,2023-04-12,2023-05-06,1,1608.27,25700.88,5.8,pending,Bank Transfer,2024-10-31,rating out of range (5.8)
BK001110,Charles Gonzalez,charles.gonzalez156@yahoo.com,00971233180466,Coral Munich Spa & Resort,Hotel,United States,2024-01-26,2024-02-08,-12,13805.16,17141.15,1.9,CANCELLED,Bank Transfer,02/01/2022,invalid nights (-12)
BK007536,,user350@gmail.com,+971-60-4264590,Coral Sydney Palace,Hotel,KSA,2023-06-17,2023-06-24,16,4907.13,2587.62,4.7,pending,Credit Card,2024-06-27,missing customer_name
BK003068,Daniel Thomas,daniel.thomas439@gmail.com,00971133311174,Palm Munich Inn,HOTEL,FRANCE,2023-05-06,2023-05-16,-14,3428.06,1461.1,4.6,CONFIRMED,paypal,2023-03-09,invalid nights (-14)
BK004412,David Johnson,david.johnson430@mail.com,00971033799335,Silver Riyadh Retreat,Resort,US,13/02/2024,2024-03-02,5,4919.55,2454.66,7.4,Cancelled,CREDIT_CARD,25/12/2024,rating out of range (7.4)
BK008406,William Garcia,william.garcia498@outlook.com,,Silver London Lodge,Villa,United Kingdom,2023-05-18,2023-05-19,25,2621.45,1584.48,7.2,CANCELLED,CREDIT_CARD,2023-08-20,rating out of range (7.2)
BK005549,Susan Jones,susan.jones936@gmail.com,+971-07-0844168,Golden Riyadh Inn,HOTEL,Singapore,2022-10-09,2022-11-07,14,2741.09,15312.87,8.8,cancelled,CREDIT_CARD,2022-04-01,rating out of range (8.8)
BK008739,Karen Taylor,karen.taylor618@outlook.com,,Grand Singapore Lodge,Villa,Thailand,2022-09-17,2022-09-21,28,2562.52,7637.4,8.2,confirmed,CREDIT_CARD,2024-02-04,rating out of range (8.2)
BK006638,,user605@hotmail.com,+971-31-1761307,Golden Singapore Villas,hotel,Singapore,2023-12-24,2024-01-01,12,3993.3,12911.76,1.2,confirmed,bank_transfer,2022-12-27,missing customer_name
BK005477,,user358@mail.com,(+57) 328-419065,Sunset Dubai Lodge,Hostel,Australia,2023-02-11,2023-02-23,7,1174.26,8940.36,1.4,CANCELLED,bank_transfer,11/12/2021,missing customer_name
BK010492,nancy moore,nancy.moore497@yahoo.com,874319959,Marina Mumbai Resort,hotel,UAE,2022-09-16,2022-09-18,-13,14169.75,3928.08,2.2,cancelled,,02-26-2021,invalid nights (-13)
BK000398,Charles Perez,charles.perez281@hotmail.com,,Grand Dubai Residences,Resort,Japan,2023-12-14,2023-12-28,-7,11898.32,23727.76,1.4,refunded,credit_card,20/01/2024,invalid nights (-7)
BK002105,"THOMPSON, LISA",thompson.lisa871@hotmail.com,672052643,Coral Riyadh Hotel,Budget Hotel,United Kingdom,2023-04-03,2023-04-14,-7,7771.29,17418.5,3.6,Cancelled,CREDIT_CARD,2021-07-14,invalid nights (-7)
BK000294,,user145@mail.com,00971132409448,Silver Tokyo Hotel,Luxury Hotel,Germany,2022-02-22,2022-03-23,9,5515.46,28056.92,4.4,pending,crypto,2021-09-23,missing customer_name
BK009596,Sandra Lee,sandra.lee924@gmail.com,405862705,Azure Munich Suites,Hotel,US,2022-06-10,2022-06-12,-30,10237.32,2024.0,3.6,Pending,crypto,2022-06-16,invalid nights (-30)
BK000617,,user601@gmail.com,+971-18-9665830,Oasis Sydney Suites,Budget Hotel,United States,08-07-2023,2023-08-23,6,2672.65,11768.48,2.7,Cancelled,,2021-12-21,missing customer_name
BK005013,"MOORE, NANCY",moore.nancy785@outlook.com,00971221244310,Golden Singapore Spa & Resort,Villa,Japan,2024-12-24,2025-01-15,19,1137.03,25014.66,7.4,refunded,CREDIT_CARD,2023-11-13,rating out of range (7.4)
BK001698,James Rodriguez,james.rodriguez711@gmail.com,(+57) 340-815888,Silver Barcelona Residences,Hotel,UAE,2022-04-11,2022-04-21,-18,13706.6,14517.3,4.2,Cancelled,debit_card,2023-01-23,invalid nights (-18)
BK001119,,user179@mail.com,+971-32-2909008,Coral Riyadh Spa & Resort,Luxury Hotel,US,13/12/2023,2024-01-11,10,2199.55,33588.96,4.3,Cancelled,Bank Transfer,2024-04-23,missing customer_name
BK009678,,user461@outlook.com,00971176880856,Sunset Munich Palace,hotel,United Arab Emirates,2022-02-10,2022-02-13,10,9761.75,4822.32,2.5,CONFIRMED,Credit Card,2021-05-01,missing customer_name
BK002333,David Jones,david.jones875@hotmail.com,00971465544959,Palm Rome Retreat,Villa,France,2024-08-30,2024-09-09,-2,530.47,2688.3,2.4,confirmed,Credit Card,2024-10-13,invalid nights (-2)
BK006601,Linda Williams,linda.williams629@gmail.com,110152057,Marina Sydney Retreat,Villa,Thailand,2022-10-20,2022-10-28,-10,12257.42,2236.0,5.0,pending,paypal,2022-01-31,invalid nights (-10)
BK003240,,user481@mail.com,(+34) 481-594201,Golden Rome Retreat,Villa,United States,2024-05-10,2024-05-22,27,5676.14,13272.72,2.1,Cancelled,,2021-06-20,missing customer_name
BK003357,David Jackson,david.jackson964@outlook.com,(+29) 476-188247,Sunset Singapore Hotel,HOTEL,FRANCE,2023-06-22,2023-07-20,-29,13070.3,37558.64,1.4,CANCELLED,debit_card,2021-08-30,invalid nights (-29)
BK009174,Linda Lopez,linda.lopez464@outlook.com,+971-39-6469205,Summit Mumbai Inn,Resort,UAE,2022-07-27,2022-08-17,6,5257.14,33661.74,6.8,pending,,2023-02-23,rating out of range (6.8)
BK011616,,user337@gmail.com,629702453,Azure Singapore Spa & Resort,Boutique Hotel,United Arab Emirates,2022-04-09,2022-04-20,14,3101.37,16144.04,7.4,Cancelled,credit_card,2022-08-17,missing customer_name; rating out of range (7.4)
BK004472,,user808@hotmail.com,00971432380626,Coral Munich Villas,Luxury Hotel,United Arab Emirates,2023-11-05,2023-11-30,28,"10735,23",15623.0,2.4,cancelled,paypal,28/04/2024,missing customer_name
BK005282,Matthew Smith,matthew.smith247@yahoo.com,+971-86-5994055,Azure Riyadh Residences,Hotel,Japan,2024-07-26,2024-08-23,28,984.28,15429.96,5.8,Pending,,2023-07-28,rating out of range (5.8)
BK006216,,user116 at hotmail.com,835488097,Desert Dubai Resort,HOTEL,uae,12/07/2023,2023-08-02,9,14950.56,1699.74,4.2,Confirmed,Bank Transfer,2021-04-03,missing customer_name
BK007452,Sandra White,sandra.white453@outlook.com,543256582,Palm Munich Resort,Apartment,Germany,2022-11-28,2022-12-13,23,14031.68,9443.7,8.8,Pending,debit_card,2022-11-25,rating out of range (8.8)
BK010893,"TAYLOR, SANDRA",taylor.sandra509@gmail.com,00971479896162,Golden Riyadh Villas,hotel,United States,2022-07-31,2022-08-03,3,1630.15,,5.4,refunded,Credit Card,16/07/2023,rating out of range (5.4)
BK009252,Linda Rodriguez,linda.rodriguez616@gmail.com,308372952,Azure Riyadh Hotel,Budget Hotel,UK,2024-11-03,2024-12-01,24,1447.18,53281.76,5.6,pending,,2023-01-17,rating out of range (5.6)
BK001589,Ashley Williams,ashley.williams341@hotmail.com,00971106903016,Silver Singapore Villas,Villa,KSA,19/07/2023,2023-07-24,29,1775.47,4899.25,5.4,Pending,credit_card,2024-11-10,rating out of range (5.4)
BK011244,"LOPEZ, MATTHEW",lopez.matthew202@yahoo.com,00971625034124,Golden New York Residences,HOTEL,Spain,2023-03-17,2023-04-03,-3,9891.12,22154.57,2.1,cancelled,CREDIT_CARD,2024-02-20,invalid nights (-3)
BK008455,"TAYLOR, MARK",taylor.mark145@mail.com,+971-58-7657917,Royal Dubai Spa & Resort,Hotel,Singapore,2024-12-29,2025-01-06,-3,10452.49,14797.84,3.7,Confirmed,Credit Card,2021-06-24,invalid nights (-3)
BK002327,,user725@yahoo.com,(+52) 578-105001,Summit Paris Hotel,Resort,US,2023-01-31,2023-02-20,5,6663.56,37710.0,1.4,cancelled,paypal,26/12/2022,missing customer_name
BK001275,Barbara Lee,barbara.lee992@outlook.com,(+63) 525-031315,Marina Barcelona Lodge,Hotel,Italy,2024-06-18,2024-06-23,10,4717.18,9716.75,7.4,cancelled,CREDIT_CARD,2022-12-18,rating out of range (7.4)
BK011390,"TAYLOR, SANDRA",taylor.sandra940@mail.com,00971278109637,Royal Sydney Hotel,Hostel,UAE,2024-10-16,2024-10-30,1,2246.25,21676.34,8.6,pending,Credit Card,2021-06-28,rating out of range (8.6)
BK006858,Patricia Brown,patricia.brown646@outlook.com,00971797671930,Royal Tokyo Inn,Budget Hotel,KSA,29/09/2022,2022-10-29,-15,13109.6,11249.7,2.5,Cancelled,credit_card,2023-05-22,invalid nights (-15)
BK010003,,user705@yahoo.com,00971036703595,Royal Munich Palace,Apartment,Australia,2024-12-25,2025-01-04,18,9907.18,3120.4,2.0,Confirmed,crypto,2021-11-09,missing customer_name
BK000447,Linda Williams,linda.williams763@hotmail.com,+971-23-2997320,Desert Barcelona Spa & Resort,hotel,FRANCE,2023-08-17,2023-09-06,8,3914.26,34147.6,5.2,refunded,CREDIT_CARD,2021-10-27,rating out of range (5.2)
BK003028,john hernandez,john.hernandez757@hotmail.com,552803800,Oasis Munich Palace,hotel,france,2024-06-01,2024-06-26,13,6396.1,9288.75,10.0,pending,Bank Transfer,27/04/2022,rating out of range (10.0)
BK006643,Ashley Brown,ashley.brown563@mail.com,+971-14-0577179,Desert London Palace,Apartment,uae,2023-04-14,2023-05-07,-15,12120.1,1954.77,3.8,refunded,debit_card,2023-07-28,invalid nights (-15)
BK011551,Mark Johnson,mark.johnson569@yahoo.com,00971798710217,Palm New York Residences,HOTEL,UAE,2024-05-09,2024-06-02,2,$11213.22,42804.0,6.2,CONFIRMED,crypto,2024-11-21,rating out of range (6.2)
BK000068,Betty Lee,betty.lee035@gmail.com,(+26) 990-428350,Silver Mumbai Palace,hotel,FRANCE,2023-10-22,2023-11-21,19,11649.5,43636.8,9.4,refunded,paypal,2024-07-26,rating out of range (9.4)
BK011005,"GARCIA, NANCY",garcia.nancy562 at gmail.com,002906206,Silver Barcelona Villas,Luxury Hotel,US,2023-01-13,2023-02-03,2,9324.86,36402.45,8.0,Confirmed,CREDIT_CARD,18/06/2022,rating out of range (8.0)
BK003313,Robert Jones,robert.jones253@outlook.com,(+25) 672-234041,Royal Riyadh Lodge,Resort,Australia,17/02/2022,2022-03-06,-12,11142.6,23871.74,2.8,CONFIRMED,CREDIT_CARD,2021-09-19,invalid nights (-12)
BK011063,,user079@hotmail.com,+971-82-8460009,Marina Dubai Inn,HOTEL,India,2022-07-11,2022-07-18,4,7953.59,6344.03,4.6,CANCELLED,PayPal,2024-03-29,missing customer_name
